sequence_id,active_region,t_obs_end,frame_0,frame_1,frame_2,frame_3,target_window_start,target_window_end,binary_target_MX_24_48h,multiclass_target,log10_peak_flux
SEQ_AR-11388_201201070217,AR-11388,2012-01-07T02:17:01+00:00,C:\Users\aarus\Desktop\solar-flare-warning-system\data\full_resolution_real\suit_AR-11388_T000_20120106142701.fits,C:\Users\aarus\Desktop\solar-flare-warning-system\data\full_resolution_real\suit_AR-11388_T001_20120106212701.fits,C:\Users\aarus\Desktop\solar-flare-warning-system\data\full_resolution_real\suit_AR-11388_T002_20120107005701.fits,C:\Users\aarus\Desktop\solar-flare-warning-system\data\full_resolution_real\suit_AR-11388_T003_20120107021701.fits,2012-01-08T02:17:01+00:00,2012-01-09T02:17:01+00:00,0,1,-5.2392
SEQ_AR-11389_201201011856,AR-11389,2012-01-01T18:56:00+00:00,C:\Users\aarus\Desktop\solar-flare-warning-system\data\full_resolution_real\suit_AR-11389_T000_20120101070600.fits,C:\Users\aarus\Desktop\solar-flare-warning-system\data\full_resolution_real\suit_AR-11389_T001_20120101140600.fits,C:\Users\aarus\Desktop\solar-flare-warning-system\data\full_resolution_real\suit_AR-11389_T002_20120101173600.fits,C:\Users\aarus\Desktop\solar-flare-warning-system\data\full_resolution_real\suit_AR-11389_T003_20120101185600.fits,2012-01-02T18:56:00+00:00,2012-01-03T18:56:00+00:00,0,1,-5.7253
SEQ_AR-11390_201201040212,AR-11390,2012-01-04T02:12:00+00:00,C:\Users\aarus\Desktop\solar-flare-warning-system\data\full_resolution_real\suit_AR-11390_T000_20120103142200.fits,C:\Users\aarus\Desktop\solar-flare-warning-system\data\full_resolution_real\suit_AR-11390_T001_20120103212200.fits,C:\Users\aarus\Desktop\solar-flare-warning-system\data\full_resolution_real\suit_AR-11390_T002_20120104005200.fits,C:\Users\aarus\Desktop\solar-flare-warning-system\data\full_resolution_real\suit_AR-11390_T003_20120104021200.fits,2012-01-05T02:12:00+00:00,2012-01-06T02:12:00+00:00,0,0,-6.1232
SEQ_AR-11392_201201052359,AR-11392,2012-01-05T23:59:01+00:00,C:\Users\aarus\Desktop\solar-flare-warning-system\data\full_resolution_real\suit_AR-11392_T000_20120105120901.fits,C:\Users\aarus\Desktop\solar-flare-warning-system\data\full_resolution_real\suit_AR-11392_T001_20120105190901.fits,C:\Users\aarus\Desktop\solar-flare-warning-system\data\full_resolution_real\suit_AR-11392_T002_20120105223901.fits,C:\Users\aarus\Desktop\solar-flare-warning-system\data\full_resolution_real\suit_AR-11392_T003_20120105235901.fits,2012-01-06T23:59:01+00:00,2012-01-07T23:59:01+00:00,0,1,-5.5144
SEQ_AR-11393_201201090143,AR-11393,2012-01-09T01:43:01+00:00,C:\Users\aarus\Desktop\solar-flare-warning-system\data\full_resolution_real\suit_AR-11393_T000_20120108135301.fits,C:\Users\aarus\Desktop\solar-flare-warning-system\data\full_resolution_real\suit_AR-11393_T001_20120108205301.fits,C:\Users\aarus\Desktop\solar-flare-warning-system\data\full_resolution_real\suit_AR-11393_T002_20120109002301.fits,C:\Users\aarus\Desktop\solar-flare-warning-system\data\full_resolution_real\suit_AR-11393_T003_20120109014301.fits,2012-01-10T01:43:01+00:00,2012-01-11T01:43:01+00:00,0,1,-5.9294
SEQ_AR-11394_201201071150,AR-11394,2012-01-07T11:50:00+00:00,C:\Users\aarus\Desktop\solar-flare-warning-system\data\full_resolution_real\suit_AR-11394_T000_20120107000000.fits,C:\Users\aarus\Desktop\solar-flare-warning-system\data\full_resolution_real\suit_AR-11394_T001_20120107070000.fits,C:\Users\aarus\Desktop\solar-flare-warning-system\data\full_resolution_real\suit_AR-11394_T002_20120107103000.fits,C:\Users\aarus\Desktop\solar-flare-warning-system\data\full_resolution_real\suit_AR-11394_T003_20120107115000.fits,2012-01-08T11:50:00+00:00,2012-01-09T11:50:00+00:00,0,0,-8.0
SEQ_AR-11395_201201091150,AR-11395,2012-01-09T11:50:00+00:00,C:\Users\aarus\Desktop\solar-flare-warning-system\data\full_resolution_real\suit_AR-11395_T000_20120109000000.fits,C:\Users\aarus\Desktop\solar-flare-warning-system\data\full_resolution_real\suit_AR-11395_T001_20120109070000.fits,C:\Users\aarus\Desktop\solar-flare-warning-system\data\full_resolution_real\suit_AR-11395_T002_20120109103000.fits,C:\Users\aarus\Desktop\solar-flare-warning-system\data\full_resolution_real\suit_AR-11395_T003_20120109115000.fits,2012-01-10T11:50:00+00:00,2012-01-11T11:50:00+00:00,0,1,-5.5144
SEQ_AR-11395_201201101258,AR-11395,2012-01-10T12:58:01+00:00,C:\Users\aarus\Desktop\solar-flare-warning-system\data\full_resolution_real\suit_AR-11395_T001_20120109070000.fits,C:\Users\aarus\Desktop\solar-flare-warning-system\data\full_resolution_real\suit_AR-11395_T002_20120109103000.fits,C:\Users\aarus\Desktop\solar-flare-warning-system\data\full_resolution_real\suit_AR-11395_T003_20120109115000.fits,C:\Users\aarus\Desktop\solar-flare-warning-system\data\full_resolution_real\suit_AR-11395_T000_20120110125801.fits,2012-01-11T12:58:01+00:00,2012-01-12T12:58:01+00:00,0,1,-5.7533
SEQ_AR-11395_201201101958,AR-11395,2012-01-10T19:58:01+00:00,C:\Users\aarus\Desktop\solar-flare-warning-system\data\full_resolution_real\suit_AR-11395_T002_20120109103000.fits,C:\Users\aarus\Desktop\solar-flare-warning-system\data\full_resolution_real\suit_AR-11395_T003_20120109115000.fits,C:\Users\aarus\Desktop\solar-flare-warning-system\data\full_resolution_real\suit_AR-11395_T000_20120110125801.fits,C:\Users\aarus\Desktop\solar-flare-warning-system\data\full_resolution_real\suit_AR-11395_T001_20120110195801.fits,2012-01-11T19:58:01+00:00,2012-01-12T19:58:01+00:00,0,1,-5.7533
SEQ_AR-11395_201201102328,AR-11395,2012-01-10T23:28:01+00:00,C:\Users\aarus\Desktop\solar-flare-warning-system\data\full_resolution_real\suit_AR-11395_T003_20120109115000.fits,C:\Users\aarus\Desktop\solar-flare-warning-system\data\full_resolution_real\suit_AR-11395_T000_20120110125801.fits,C:\Users\aarus\Desktop\solar-flare-warning-system\data\full_resolution_real\suit_AR-11395_T001_20120110195801.fits,C:\Users\aarus\Desktop\solar-flare-warning-system\data\full_resolution_real\suit_AR-11395_T002_20120110232801.fits,2012-01-11T23:28:01+00:00,2012-01-12T23:28:01+00:00,0,1,-5.7533
SEQ_AR-11395_201201110048,AR-11395,2012-01-11T00:48:01+00:00,C:\Users\aarus\Desktop\solar-flare-warning-system\data\full_resolution_real\suit_AR-11395_T000_20120110125801.fits,C:\Users\aarus\Desktop\solar-flare-warning-system\data\full_resolution_real\suit_AR-11395_T001_20120110195801.fits,C:\Users\aarus\Desktop\solar-flare-warning-system\data\full_resolution_real\suit_AR-11395_T002_20120110232801.fits,C:\Users\aarus\Desktop\solar-flare-warning-system\data\full_resolution_real\suit_AR-11395_T003_20120111004801.fits,2012-01-12T00:48:01+00:00,2012-01-13T00:48:01+00:00,0,1,-5.7533
SEQ_AR-11401_201201222047,AR-11401,2012-01-22T20:47:31+00:00,C:\Users\aarus\Desktop\solar-flare-warning-system\data\full_resolution_real\suit_AR-11401_T000_20120122085731.fits,C:\Users\aarus\Desktop\solar-flare-warning-system\data\full_resolution_real\suit_AR-11401_T001_20120122155731.fits,C:\Users\aarus\Desktop\solar-flare-warning-system\data\full_resolution_real\suit_AR-11401_T002_20120122192731.fits,C:\Users\aarus\Desktop\solar-flare-warning-system\data\full_resolution_real\suit_AR-11401_T003_20120122204731.fits,2012-01-23T20:47:31+00:00,2012-01-24T20:47:31+00:00,0,1,-5.7833
SEQ_AR-11403_201201170111,AR-11403,2012-01-17T01:11:01+00:00,C:\Users\aarus\Desktop\solar-flare-warning-system\data\full_resolution_real\suit_AR-11403_T000_20120116132101.fits,C:\Users\aarus\Desktop\solar-flare-warning-system\data\full_resolution_real\suit_AR-11403_T001_20120116202101.fits,C:\Users\aarus\Desktop\solar-flare-warning-system\data\full_resolution_real\suit_AR-11403_T002_20120116235101.fits,C:\Users\aarus\Desktop\solar-flare-warning-system\data\full_resolution_real\suit_AR-11403_T003_20120117011101.fits,2012-01-18T01:11:01+00:00,2012-01-19T01:11:01+00:00,0,1,-6.0
SEQ_AR-11405_201201180952,AR-11405,2012-01-18T09:52:38+00:00,C:\Users\aarus\Desktop\solar-flare-warning-system\data\full_resolution_real\suit_AR-11405_T000_20120117220238.fits,C:\Users\aarus\Desktop\solar-flare-warning-system\data\full_resolution_real\suit_AR-11405_T001_20120118050238.fits,C:\Users\aarus\Desktop\solar-flare-warning-system\data\full_resolution_real\suit_AR-11405_T002_20120118083238.fits,C:\Users\aarus\Desktop\solar-flare-warning-system\data\full_resolution_real\suit_AR-11405_T003_20120118095238.fits,2012-01-19T09:52:38+00:00,2012-01-20T09:52:38+00:00,0,0,-8.0
SEQ_AR-11409_201201221150,AR-11409,2012-01-22T11:50:00+00:00,C:\Users\aarus\Desktop\solar-flare-warning-system\data\full_resolution_real\suit_AR-11409_T000_20120122000000.fits,C:\Users\aarus\Desktop\solar-flare-warning-system\data\full_resolution_real\suit_AR-11409_T001_20120122070000.fits,C:\Users\aarus\Desktop\solar-flare-warning-system\data\full_resolution_real\suit_AR-11409_T002_20120122103000.fits,C:\Users\aarus\Desktop\solar-flare-warning-system\data\full_resolution_real\suit_AR-11409_T003_20120122115000.fits,2012-01-23T11:50:00+00:00,2012-01-24T11:50:00+00:00,0,0,-8.0
SEQ_AR-11410_201202041237,AR-11410,2012-02-04T12:37:01+00:00,C:\Users\aarus\Desktop\solar-flare-warning-system\data\full_resolution_real\suit_AR-11410_T000_20120204004701.fits,C:\Users\aarus\Desktop\solar-flare-warning-system\data\full_resolution_real\suit_AR-11410_T001_20120204074701.fits,C:\Users\aarus\Desktop\solar-flare-warning-system\data\full_resolution_real\suit_AR-11410_T002_20120204111701.fits,C:\Users\aarus\Desktop\solar-flare-warning-system\data\full_resolution_real\suit_AR-11410_T003_20120204123701.fits,2012-02-05T12:37:01+00:00,2012-02-06T12:37:01+00:00,0,0,-6.5492
SEQ_AR-11413_201202011144,AR-11413,2012-02-01T11:44:01+00:00,C:\Users\aarus\Desktop\solar-flare-warning-system\data\full_resolution_real\suit_AR-11413_T000_20120131235401.fits,C:\Users\aarus\Desktop\solar-flare-warning-system\data\full_resolution_real\suit_AR-11413_T001_20120201065401.fits,C:\Users\aarus\Desktop\solar-flare-warning-system\data\full_resolution_real\suit_AR-11413_T002_20120201102401.fits,C:\Users\aarus\Desktop\solar-flare-warning-system\data\full_resolution_real\suit_AR-11413_T003_20120201114401.fits,2012-02-02T11:44:01+00:00,2012-02-03T11:44:01+00:00,0,0,-6.2304
SEQ_AR-11413_201202020615,AR-11413,2012-02-02T06:15:00+00:00,C:\Users\aarus\Desktop\solar-flare-warning-system\data\full_resolution_real\suit_AR-11413_T001_20120201065401.fits,C:\Users\aarus\Desktop\solar-flare-warning-system\data\full_resolution_real\suit_AR-11413_T002_20120201102401.fits,C:\Users\aarus\Desktop\solar-flare-warning-system\data\full_resolution_real\suit_AR-11413_T003_20120201114401.fits,C:\Users\aarus\Desktop\solar-flare-warning-system\data\full_resolution_real\suit_AR-11413_T000_20120202061500.fits,2012-02-03T06:15:00+00:00,2012-02-04T06:15:00+00:00,0,1,-5.98
SEQ_AR-11413_201202021315,AR-11413,2012-02-02T13:15:00+00:00,C:\Users\aarus\Desktop\solar-flare-warning-system\data\full_resolution_real\suit_AR-11413_T002_20120201102401.fits,C:\Users\aarus\Desktop\solar-flare-warning-system\data\full_resolution_real\suit_AR-11413_T003_20120201114401.fits,C:\Users\aarus\Desktop\solar-flare-warning-system\data\full_resolution_real\suit_AR-11413_T000_20120202061500.fits,C:\Users\aarus\Desktop\solar-flare-warning-system\data\full_resolution_real\suit_AR-11413_T001_20120202131500.fits,2012-02-03T13:15:00+00:00,2012-02-04T13:15:00+00:00,0,1,-5.98
SEQ_AR-11413_201202021645,AR-11413,2012-02-02T16:45:00+00:00,C:\Users\aarus\Desktop\solar-flare-warning-system\data\full_resolution_real\suit_AR-11413_T003_20120201114401.fits,C:\Users\aarus\Desktop\solar-flare-warning-system\data\full_resolution_real\suit_AR-11413_T000_20120202061500.fits,C:\Users\aarus\Desktop\solar-flare-warning-system\data\full_resolution_real\suit_AR-11413_T001_20120202131500.fits,C:\Users\aarus\Desktop\solar-flare-warning-system\data\full_resolution_real\suit_AR-11413_T002_20120202164500.fits,2012-02-03T16:45:00+00:00,2012-02-04T16:45:00+00:00,0,1,-5.98
SEQ_AR-11413_201202021805,AR-11413,2012-02-02T18:05:00+00:00,C:\Users\aarus\Desktop\solar-flare-warning-system\data\full_resolution_real\suit_AR-11413_T000_20120202061500.fits,C:\Users\aarus\Desktop\solar-flare-warning-system\data\full_resolution_real\suit_AR-11413_T001_20120202131500.fits,C:\Users\aarus\Desktop\solar-flare-warning-system\data\full_resolution_real\suit_AR-11413_T002_20120202164500.fits,C:\Users\aarus\Desktop\solar-flare-warning-system\data\full_resolution_real\suit_AR-11413_T003_20120202180500.fits,2012-02-03T18:05:00+00:00,2012-02-04T18:05:00+00:00,0,1,-5.98
SEQ_AR-11413_201202071159,AR-11413,2012-02-07T11:59:59+00:00,C:\Users\aarus\Desktop\solar-flare-warning-system\data\full_resolution_real\suit_AR-11413_T001_20120202131500.fits,C:\Users\aarus\Desktop\solar-flare-warning-system\data\full_resolution_real\suit_AR-11413_T002_20120202164500.fits,C:\Users\aarus\Desktop\solar-flare-warning-system\data\full_resolution_real\suit_AR-11413_T003_20120202180500.fits,C:\Users\aarus\Desktop\solar-flare-warning-system\data\full_resolution_real\suit_AR-11413_T000_20120207115959.fits,2012-02-08T11:59:59+00:00,2012-02-09T11:59:59+00:00,0,0,-8.0
SEQ_AR-11413_201202071859,AR-11413,2012-02-07T18:59:59+00:00,C:\Users\aarus\Desktop\solar-flare-warning-system\data\full_resolution_real\suit_AR-11413_T002_20120202164500.fits,C:\Users\aarus\Desktop\solar-flare-warning-system\data\full_resolution_real\suit_AR-11413_T003_20120202180500.fits,C:\Users\aarus\Desktop\solar-flare-warning-system\data\full_resolution_real\suit_AR-11413_T000_20120207115959.fits,C:\Users\aarus\Desktop\solar-flare-warning-system\data\full_resolution_real\suit_AR-11413_T001_20120207185959.fits,2012-02-08T18:59:59+00:00,2012-02-09T18:59:59+00:00,0,0,-8.0
SEQ_AR-11413_201202072229,AR-11413,2012-02-07T22:29:59+00:00,C:\Users\aarus\Desktop\solar-flare-warning-system\data\full_resolution_real\suit_AR-11413_T003_20120202180500.fits,C:\Users\aarus\Desktop\solar-flare-warning-system\data\full_resolution_real\suit_AR-11413_T000_20120207115959.fits,C:\Users\aarus\Desktop\solar-flare-warning-system\data\full_resolution_real\suit_AR-11413_T001_20120207185959.fits,C:\Users\aarus\Desktop\solar-flare-warning-system\data\full_resolution_real\suit_AR-11413_T002_20120207222959.fits,2012-02-08T22:29:59+00:00,2012-02-09T22:29:59+00:00,0,0,-8.0
SEQ_AR-11413_201202072349,AR-11413,2012-02-07T23:49:59+00:00,C:\Users\aarus\Desktop\solar-flare-warning-system\data\full_resolution_real\suit_AR-11413_T000_20120207115959.fits,C:\Users\aarus\Desktop\solar-flare-warning-system\data\full_resolution_real\suit_AR-11413_T001_20120207185959.fits,C:\Users\aarus\Desktop\solar-flare-warning-system\data\full_resolution_real\suit_AR-11413_T002_20120207222959.fits,C:\Users\aarus\Desktop\solar-flare-warning-system\data\full_resolution_real\suit_AR-11413_T003_20120207234959.fits,2012-02-08T23:49:59+00:00,2012-02-09T23:49:59+00:00,0,0,-8.0
SEQ_AR-11422_201202232201,AR-11422,2012-02-23T22:01:01+00:00,C:\Users\aarus\Desktop\solar-flare-warning-system\data\full_resolution_real\suit_AR-11422_T000_20120223101101.fits,C:\Users\aarus\Desktop\solar-flare-warning-system\data\full_resolution_real\suit_AR-11422_T001_20120223171101.fits,C:\Users\aarus\Desktop\solar-flare-warning-system\data\full_resolution_real\suit_AR-11422_T002_20120223204101.fits,C:\Users\aarus\Desktop\solar-flare-warning-system\data\full_resolution_real\suit_AR-11422_T003_20120223220101.fits,2012-02-24T22:01:01+00:00,2012-02-25T22:01:01+00:00,0,0,-8.0
SEQ_AR-11428_201203082012,AR-11428,2012-03-08T20:12:00+00:00,C:\Users\aarus\Desktop\solar-flare-warning-system\data\full_resolution_real\suit_AR-11428_T000_20120308082200.fits,C:\Users\aarus\Desktop\solar-flare-warning-system\data\full_resolution_real\suit_AR-11428_T001_20120308152200.fits,C:\Users\aarus\Desktop\solar-flare-warning-system\data\full_resolution_real\suit_AR-11428_T002_20120308185200.fits,C:\Users\aarus\Desktop\solar-flare-warning-system\data\full_resolution_real\suit_AR-11428_T003_20120308201200.fits,2012-03-09T20:12:00+00:00,2012-03-10T20:12:00+00:00,0,1,-5.699
SEQ_AR-11428_201203090950,AR-11428,2012-03-09T09:50:00+00:00,C:\Users\aarus\Desktop\solar-flare-warning-system\data\full_resolution_real\suit_AR-11428_T001_20120308152200.fits,C:\Users\aarus\Desktop\solar-flare-warning-system\data\full_resolution_real\suit_AR-11428_T002_20120308185200.fits,C:\Users\aarus\Desktop\solar-flare-warning-system\data\full_resolution_real\suit_AR-11428_T003_20120308201200.fits,C:\Users\aarus\Desktop\solar-flare-warning-system\data\full_resolution_real\suit_AR-11428_T000_20120309095000.fits,2012-03-10T09:50:00+00:00,2012-03-11T09:50:00+00:00,0,1,-5.2218
SEQ_AR-11428_201203091650,AR-11428,2012-03-09T16:50:00+00:00,C:\Users\aarus\Desktop\solar-flare-warning-system\data\full_resolution_real\suit_AR-11428_T002_20120308185200.fits,C:\Users\aarus\Desktop\solar-flare-warning-system\data\full_resolution_real\suit_AR-11428_T003_20120308201200.fits,C:\Users\aarus\Desktop\solar-flare-warning-system\data\full_resolution_real\suit_AR-11428_T000_20120309095000.fits,C:\Users\aarus\Desktop\solar-flare-warning-system\data\full_resolution_real\suit_AR-11428_T001_20120309165000.fits,2012-03-10T16:50:00+00:00,2012-03-11T16:50:00+00:00,0,1,-5.2218
SEQ_AR-11428_201203092020,AR-11428,2012-03-09T20:20:00+00:00,C:\Users\aarus\Desktop\solar-flare-warning-system\data\full_resolution_real\suit_AR-11428_T003_20120308201200.fits,C:\Users\aarus\Desktop\solar-flare-warning-system\data\full_resolution_real\suit_AR-11428_T000_20120309095000.fits,C:\Users\aarus\Desktop\solar-flare-warning-system\data\full_resolution_real\suit_AR-11428_T001_20120309165000.fits,C:\Users\aarus\Desktop\solar-flare-warning-system\data\full_resolution_real\suit_AR-11428_T002_20120309202000.fits,2012-03-10T20:20:00+00:00,2012-03-11T20:20:00+00:00,0,1,-5.2218
SEQ_AR-11428_201203092140,AR-11428,2012-03-09T21:40:00+00:00,C:\Users\aarus\Desktop\solar-flare-warning-system\data\full_resolution_real\suit_AR-11428_T000_20120309095000.fits,C:\Users\aarus\Desktop\solar-flare-warning-system\data\full_resolution_real\suit_AR-11428_T001_20120309165000.fits,C:\Users\aarus\Desktop\solar-flare-warning-system\data\full_resolution_real\suit_AR-11428_T002_20120309202000.fits,C:\Users\aarus\Desktop\solar-flare-warning-system\data\full_resolution_real\suit_AR-11428_T003_20120309214000.fits,2012-03-10T21:40:00+00:00,2012-03-11T21:40:00+00:00,0,1,-5.2218
SEQ_AR-11429_201203051231,AR-11429,2012-03-05T12:31:01+00:00,C:\Users\aarus\Desktop\solar-flare-warning-system\data\full_resolution_real\suit_AR-11429_T000_20120305004101.fits,C:\Users\aarus\Desktop\solar-flare-warning-system\data\full_resolution_real\suit_AR-11429_T001_20120305074101.fits,C:\Users\aarus\Desktop\solar-flare-warning-system\data\full_resolution_real\suit_AR-11429_T002_20120305111101.fits,C:\Users\aarus\Desktop\solar-flare-warning-system\data\full_resolution_real\suit_AR-11429_T003_20120305123101.fits,2012-03-06T12:31:01+00:00,2012-03-07T12:31:01+00:00,1,2,-4.6072
SEQ_AR-11429_201203061224,AR-11429,2012-03-06T12:24:00+00:00,C:\Users\aarus\Desktop\solar-flare-warning-system\data\full_resolution_real\suit_AR-11429_T001_20120305074101.fits,C:\Users\aarus\Desktop\solar-flare-warning-system\data\full_resolution_real\suit_AR-11429_T002_20120305111101.fits,C:\Users\aarus\Desktop\solar-flare-warning-system\data\full_resolution_real\suit_AR-11429_T003_20120305123101.fits,C:\Users\aarus\Desktop\solar-flare-warning-system\data\full_resolution_real\suit_AR-11429_T000_20120306122400.fits,2012-03-07T12:24:00+00:00,2012-03-08T12:24:00+00:00,1,3,-3.197
SEQ_AR-11429_201203061924,AR-11429,2012-03-06T19:24:00+00:00,C:\Users\aarus\Desktop\solar-flare-warning-system\data\full_resolution_real\suit_AR-11429_T002_20120305111101.fits,C:\Users\aarus\Desktop\solar-flare-warning-system\data\full_resolution_real\suit_AR-11429_T003_20120305123101.fits,C:\Users\aarus\Desktop\solar-flare-warning-system\data\full_resolution_real\suit_AR-11429_T000_20120306122400.fits,C:\Users\aarus\Desktop\solar-flare-warning-system\data\full_resolution_real\suit_AR-11429_T001_20120306192400.fits,2012-03-07T19:24:00+00:00,2012-03-08T19:24:00+00:00,1,3,-3.197
SEQ_AR-11429_201203062254,AR-11429,2012-03-06T22:54:00+00:00,C:\Users\aarus\Desktop\solar-flare-warning-system\data\full_resolution_real\suit_AR-11429_T003_20120305123101.fits,C:\Users\aarus\Desktop\solar-flare-warning-system\data\full_resolution_real\suit_AR-11429_T000_20120306122400.fits,C:\Users\aarus\Desktop\solar-flare-warning-system\data\full_resolution_real\suit_AR-11429_T001_20120306192400.fits,C:\Users\aarus\Desktop\solar-flare-warning-system\data\full_resolution_real\suit_AR-11429_T002_20120306225400.fits,2012-03-07T22:54:00+00:00,2012-03-08T22:54:00+00:00,1,3,-3.197
SEQ_AR-11429_201203070014,AR-11429,2012-03-07T00:14:00+00:00,C:\Users\aarus\Desktop\solar-flare-warning-system\data\full_resolution_real\suit_AR-11429_T000_20120306122400.fits,C:\Users\aarus\Desktop\solar-flare-warning-system\data\full_resolution_real\suit_AR-11429_T001_20120306192400.fits,C:\Users\aarus\Desktop\solar-flare-warning-system\data\full_resolution_real\suit_AR-11429_T002_20120306225400.fits,C:\Users\aarus\Desktop\solar-flare-warning-system\data\full_resolution_real\suit_AR-11429_T003_20120307001400.fits,2012-03-08T00:14:00+00:00,2012-03-09T00:14:00+00:00,1,3,-3.197
SEQ_AR-11429_201203130541,AR-11429,2012-03-13T05:41:00+00:00,C:\Users\aarus\Desktop\solar-flare-warning-system\data\full_resolution_real\suit_AR-11429_T001_20120306192400.fits,C:\Users\aarus\Desktop\solar-flare-warning-system\data\full_resolution_real\suit_AR-11429_T002_20120306225400.fits,C:\Users\aarus\Desktop\solar-flare-warning-system\data\full_resolution_real\suit_AR-11429_T003_20120307001400.fits,C:\Users\aarus\Desktop\solar-flare-warning-system\data\full_resolution_real\suit_AR-11429_T000_20120313054100.fits,2012-03-14T05:41:00+00:00,2012-03-15T05:41:00+00:00,1,2,-4.0318
SEQ_AR-11429_201203131241,AR-11429,2012-03-13T12:41:00+00:00,C:\Users\aarus\Desktop\solar-flare-warning-system\data\full_resolution_real\suit_AR-11429_T002_20120306225400.fits,C:\Users\aarus\Desktop\solar-flare-warning-system\data\full_resolution_real\suit_AR-11429_T003_20120307001400.fits,C:\Users\aarus\Desktop\solar-flare-warning-system\data\full_resolution_real\suit_AR-11429_T000_20120313054100.fits,C:\Users\aarus\Desktop\solar-flare-warning-system\data\full_resolution_real\suit_AR-11429_T001_20120313124100.fits,2012-03-14T12:41:00+00:00,2012-03-15T12:41:00+00:00,1,2,-4.0318
SEQ_AR-11429_201203131611,AR-11429,2012-03-13T16:11:00+00:00,C:\Users\aarus\Desktop\solar-flare-warning-system\data\full_resolution_real\suit_AR-11429_T003_20120307001400.fits,C:\Users\aarus\Desktop\solar-flare-warning-system\data\full_resolution_real\suit_AR-11429_T000_20120313054100.fits,C:\Users\aarus\Desktop\solar-flare-warning-system\data\full_resolution_real\suit_AR-11429_T001_20120313124100.fits,C:\Users\aarus\Desktop\solar-flare-warning-system\data\full_resolution_real\suit_AR-11429_T002_20120313161100.fits,2012-03-14T16:11:00+00:00,2012-03-15T16:11:00+00:00,1,2,-4.0318
SEQ_AR-11429_201203131731,AR-11429,2012-03-13T17:31:00+00:00,C:\Users\aarus\Desktop\solar-flare-warning-system\data\full_resolution_real\suit_AR-11429_T000_20120313054100.fits,C:\Users\aarus\Desktop\solar-flare-warning-system\data\full_resolution_real\suit_AR-11429_T001_20120313124100.fits,C:\Users\aarus\Desktop\solar-flare-warning-system\data\full_resolution_real\suit_AR-11429_T002_20120313161100.fits,C:\Users\aarus\Desktop\solar-flare-warning-system\data\full_resolution_real\suit_AR-11429_T003_20120313173100.fits,2012-03-14T17:31:00+00:00,2012-03-15T17:31:00+00:00,1,2,-4.0318
SEQ_AR-11429_201203140210,AR-11429,2012-03-14T02:10:01+00:00,C:\Users\aarus\Desktop\solar-flare-warning-system\data\full_resolution_real\suit_AR-11429_T001_20120313124100.fits,C:\Users\aarus\Desktop\solar-flare-warning-system\data\full_resolution_real\suit_AR-11429_T002_20120313161100.fits,C:\Users\aarus\Desktop\solar-flare-warning-system\data\full_resolution_real\suit_AR-11429_T003_20120313173100.fits,C:\Users\aarus\Desktop\solar-flare-warning-system\data\full_resolution_real\suit_AR-11429_T000_20120314021001.fits,2012-03-15T02:10:01+00:00,2012-03-16T02:10:01+00:00,0,1,-5.888
SEQ_AR-11429_201203140910,AR-11429,2012-03-14T09:10:01+00:00,C:\Users\aarus\Desktop\solar-flare-warning-system\data\full_resolution_real\suit_AR-11429_T002_20120313161100.fits,C:\Users\aarus\Desktop\solar-flare-warning-system\data\full_resolution_real\suit_AR-11429_T003_20120313173100.fits,C:\Users\aarus\Desktop\solar-flare-warning-system\data\full_resolution_real\suit_AR-11429_T000_20120314021001.fits,C:\Users\aarus\Desktop\solar-flare-warning-system\data\full_resolution_real\suit_AR-11429_T001_20120314091001.fits,2012-03-15T09:10:01+00:00,2012-03-16T09:10:01+00:00,0,1,-5.888
SEQ_AR-11429_201203141240,AR-11429,2012-03-14T12:40:01+00:00,C:\Users\aarus\Desktop\solar-flare-warning-system\data\full_resolution_real\suit_AR-11429_T003_20120313173100.fits,C:\Users\aarus\Desktop\solar-flare-warning-system\data\full_resolution_real\suit_AR-11429_T000_20120314021001.fits,C:\Users\aarus\Desktop\solar-flare-warning-system\data\full_resolution_real\suit_AR-11429_T001_20120314091001.fits,C:\Users\aarus\Desktop\solar-flare-warning-system\data\full_resolution_real\suit_AR-11429_T002_20120314124001.fits,2012-03-15T12:40:01+00:00,2012-03-16T12:40:01+00:00,0,1,-5.888
SEQ_AR-11429_201203141400,AR-11429,2012-03-14T14:00:01+00:00,C:\Users\aarus\Desktop\solar-flare-warning-system\data\full_resolution_real\suit_AR-11429_T000_20120314021001.fits,C:\Users\aarus\Desktop\solar-flare-warning-system\data\full_resolution_real\suit_AR-11429_T001_20120314091001.fits,C:\Users\aarus\Desktop\solar-flare-warning-system\data\full_resolution_real\suit_AR-11429_T002_20120314124001.fits,C:\Users\aarus\Desktop\solar-flare-warning-system\data\full_resolution_real\suit_AR-11429_T003_20120314140001.fits,2012-03-15T14:00:01+00:00,2012-03-16T14:00:01+00:00,0,1,-5.888
SEQ_AR-11430_201203130145,AR-11430,2012-03-13T01:45:00+00:00,C:\Users\aarus\Desktop\solar-flare-warning-system\data\full_resolution_real\suit_AR-11430_T000_20120312135500.fits,C:\Users\aarus\Desktop\solar-flare-warning-system\data\full_resolution_real\suit_AR-11430_T001_20120312205500.fits,C:\Users\aarus\Desktop\solar-flare-warning-system\data\full_resolution_real\suit_AR-11430_T002_20120313002500.fits,C:\Users\aarus\Desktop\solar-flare-warning-system\data\full_resolution_real\suit_AR-11430_T003_20120313014500.fits,2012-03-14T01:45:00+00:00,2012-03-15T01:45:00+00:00,0,0,-8.0
SEQ_AR-11434_201203162029,AR-11434,2012-03-16T20:29:01+00:00,C:\Users\aarus\Desktop\solar-flare-warning-system\data\full_resolution_real\suit_AR-11434_T000_20120316083901.fits,C:\Users\aarus\Desktop\solar-flare-warning-system\data\full_resolution_real\suit_AR-11434_T001_20120316153901.fits,C:\Users\aarus\Desktop\solar-flare-warning-system\data\full_resolution_real\suit_AR-11434_T002_20120316190901.fits,C:\Users\aarus\Desktop\solar-flare-warning-system\data\full_resolution_real\suit_AR-11434_T003_20120316202901.fits,2012-03-17T20:29:01+00:00,2012-03-18T20:29:01+00:00,1,2,-4.8155
SEQ_AR-11436_201203182349,AR-11436,2012-03-18T23:49:59+00:00,C:\Users\aarus\Desktop\solar-flare-warning-system\data\full_resolution_real\suit_AR-11436_T000_20120318115959.fits,C:\Users\aarus\Desktop\solar-flare-warning-system\data\full_resolution_real\suit_AR-11436_T001_20120318185959.fits,C:\Users\aarus\Desktop\solar-flare-warning-system\data\full_resolution_real\suit_AR-11436_T002_20120318222959.fits,C:\Users\aarus\Desktop\solar-flare-warning-system\data\full_resolution_real\suit_AR-11436_T003_20120318234959.fits,2012-03-19T23:49:59+00:00,2012-03-20T23:49:59+00:00,0,0,-8.0
SEQ_AR-11445_201203292207,AR-11445,2012-03-29T22:07:08+00:00,C:\Users\aarus\Desktop\solar-flare-warning-system\data\full_resolution_real\suit_AR-11445_T000_20120329101708.fits,C:\Users\aarus\Desktop\solar-flare-warning-system\data\full_resolution_real\suit_AR-11445_T001_20120329171708.fits,C:\Users\aarus\Desktop\solar-flare-warning-system\data\full_resolution_real\suit_AR-11445_T002_20120329204708.fits,C:\Users\aarus\Desktop\solar-flare-warning-system\data\full_resolution_real\suit_AR-11445_T003_20120329220708.fits,2012-03-30T22:07:08+00:00,2012-03-31T22:07:08+00:00,0,0,-8.0
SEQ_AR-11453_201204031150,AR-11453,2012-04-03T11:50:00+00:00,C:\Users\aarus\Desktop\solar-flare-warning-system\data\full_resolution_real\suit_AR-11453_T000_20120403000000.fits,C:\Users\aarus\Desktop\solar-flare-warning-system\data\full_resolution_real\suit_AR-11453_T001_20120403070000.fits,C:\Users\aarus\Desktop\solar-flare-warning-system\data\full_resolution_real\suit_AR-11453_T002_20120403103000.fits,C:\Users\aarus\Desktop\solar-flare-warning-system\data\full_resolution_real\suit_AR-11453_T003_20120403115000.fits,2012-04-04T11:50:00+00:00,2012-04-05T11:50:00+00:00,0,0,-8.0
SEQ_AR-11458_201204160057,AR-11458,2012-04-16T00:57:59+00:00,C:\Users\aarus\Desktop\solar-flare-warning-system\data\full_resolution_real\suit_AR-11458_T000_20120415130759.fits,C:\Users\aarus\Desktop\solar-flare-warning-system\data\full_resolution_real\suit_AR-11458_T001_20120415200759.fits,C:\Users\aarus\Desktop\solar-flare-warning-system\data\full_resolution_real\suit_AR-11458_T002_20120415233759.fits,C:\Users\aarus\Desktop\solar-flare-warning-system\data\full_resolution_real\suit_AR-11458_T003_20120416005759.fits,2012-04-17T00:57:59+00:00,2012-04-18T00:57:59+00:00,0,0,-6.2392
SEQ_AR-11459_201204171804,AR-11459,2012-04-17T18:04:17+00:00,C:\Users\aarus\Desktop\solar-flare-warning-system\data\full_resolution_real\suit_AR-11459_T000_20120417061417.fits,C:\Users\aarus\Desktop\solar-flare-warning-system\data\full_resolution_real\suit_AR-11459_T001_20120417131417.fits,C:\Users\aarus\Desktop\solar-flare-warning-system\data\full_resolution_real\suit_AR-11459_T002_20120417164417.fits,C:\Users\aarus\Desktop\solar-flare-warning-system\data\full_resolution_real\suit_AR-11459_T003_20120417180417.fits,2012-04-18T18:04:17+00:00,2012-04-19T18:04:17+00:00,0,0,-6.0843
SEQ_AR-11460_201204240847,AR-11460,2012-04-24T08:47:01+00:00,C:\Users\aarus\Desktop\solar-flare-warning-system\data\full_resolution_real\suit_AR-11460_T000_20120423205701.fits,C:\Users\aarus\Desktop\solar-flare-warning-system\data\full_resolution_real\suit_AR-11460_T001_20120424035701.fits,C:\Users\aarus\Desktop\solar-flare-warning-system\data\full_resolution_real\suit_AR-11460_T002_20120424072701.fits,C:\Users\aarus\Desktop\solar-flare-warning-system\data\full_resolution_real\suit_AR-11460_T003_20120424084701.fits,2012-04-25T08:47:01+00:00,2012-04-26T08:47:01+00:00,0,1,-5.9517
SEQ_AR-11461_201204212350,AR-11461,2012-04-21T23:50:00+00:00,C:\Users\aarus\Desktop\solar-flare-warning-system\data\full_resolution_real\suit_AR-11461_T000_20120421115000.fits,C:\Users\aarus\Desktop\solar-flare-warning-system\data\full_resolution_real\suit_AR-11461_T001_20120421190000.fits,C:\Users\aarus\Desktop\solar-flare-warning-system\data\full_resolution_real\suit_AR-11461_T002_20120421223000.fits,C:\Users\aarus\Desktop\solar-flare-warning-system\data\full_resolution_real\suit_AR-11461_T003_20120421235000.fits,2012-04-22T23:50:00+00:00,2012-04-23T23:50:00+00:00,0,1,-5.9338
SEQ_AR-11464_201204202350,AR-11464,2012-04-20T23:50:00+00:00,C:\Users\aarus\Desktop\solar-flare-warning-system\data\full_resolution_real\suit_AR-11464_T000_20120420115000.fits,C:\Users\aarus\Desktop\solar-flare-warning-system\data\full_resolution_real\suit_AR-11464_T001_20120420190000.fits,C:\Users\aarus\Desktop\solar-flare-warning-system\data\full_resolution_real\suit_AR-11464_T002_20120420223000.fits,C:\Users\aarus\Desktop\solar-flare-warning-system\data\full_resolution_real\suit_AR-11464_T003_20120420235000.fits,2012-04-21T23:50:00+00:00,2012-04-22T23:50:00+00:00,0,0,-8.0
SEQ_AR-11465_201204211744,AR-11465,2012-04-21T17:44:01+00:00,C:\Users\aarus\Desktop\solar-flare-warning-system\data\full_resolution_real\suit_AR-11465_T000_20120421055401.fits,C:\Users\aarus\Desktop\solar-flare-warning-system\data\full_resolution_real\suit_AR-11465_T001_20120421125401.fits,C:\Users\aarus\Desktop\solar-flare-warning-system\data\full_resolution_real\suit_AR-11465_T002_20120421162401.fits,C:\Users\aarus\Desktop\solar-flare-warning-system\data\full_resolution_real\suit_AR-11465_T003_20120421174401.fits,2012-04-22T17:44:01+00:00,2012-04-23T17:44:01+00:00,0,1,-5.699
SEQ_AR-11465_201204271752,AR-11465,2012-04-27T17:52:01+00:00,C:\Users\aarus\Desktop\solar-flare-warning-system\data\full_resolution_real\suit_AR-11465_T001_20120421125401.fits,C:\Users\aarus\Desktop\solar-flare-warning-system\data\full_resolution_real\suit_AR-11465_T002_20120421162401.fits,C:\Users\aarus\Desktop\solar-flare-warning-system\data\full_resolution_real\suit_AR-11465_T003_20120421174401.fits,C:\Users\aarus\Desktop\solar-flare-warning-system\data\full_resolution_real\suit_AR-11465_T000_20120427175201.fits,2012-04-28T17:52:01+00:00,2012-04-29T17:52:01+00:00,0,1,-5.9563
SEQ_AR-11465_201204280052,AR-11465,2012-04-28T00:52:01+00:00,C:\Users\aarus\Desktop\solar-flare-warning-system\data\full_resolution_real\suit_AR-11465_T002_20120421162401.fits,C:\Users\aarus\Desktop\solar-flare-warning-system\data\full_resolution_real\suit_AR-11465_T003_20120421174401.fits,C:\Users\aarus\Desktop\solar-flare-warning-system\data\full_resolution_real\suit_AR-11465_T000_20120427175201.fits,C:\Users\aarus\Desktop\solar-flare-warning-system\data\full_resolution_real\suit_AR-11465_T001_20120428005201.fits,2012-04-29T00:52:01+00:00,2012-04-30T00:52:01+00:00,0,1,-5.9563
SEQ_AR-11465_201204280422,AR-11465,2012-04-28T04:22:01+00:00,C:\Users\aarus\Desktop\solar-flare-warning-system\data\full_resolution_real\suit_AR-11465_T003_20120421174401.fits,C:\Users\aarus\Desktop\solar-flare-warning-system\data\full_resolution_real\suit_AR-11465_T000_20120427175201.fits,C:\Users\aarus\Desktop\solar-flare-warning-system\data\full_resolution_real\suit_AR-11465_T001_20120428005201.fits,C:\Users\aarus\Desktop\solar-flare-warning-system\data\full_resolution_real\suit_AR-11465_T002_20120428042201.fits,2012-04-29T04:22:01+00:00,2012-04-30T04:22:01+00:00,0,1,-5.9563
SEQ_AR-11465_201204280542,AR-11465,2012-04-28T05:42:01+00:00,C:\Users\aarus\Desktop\solar-flare-warning-system\data\full_resolution_real\suit_AR-11465_T000_20120427175201.fits,C:\Users\aarus\Desktop\solar-flare-warning-system\data\full_resolution_real\suit_AR-11465_T001_20120428005201.fits,C:\Users\aarus\Desktop\solar-flare-warning-system\data\full_resolution_real\suit_AR-11465_T002_20120428042201.fits,C:\Users\aarus\Desktop\solar-flare-warning-system\data\full_resolution_real\suit_AR-11465_T003_20120428054201.fits,2012-04-29T05:42:01+00:00,2012-04-30T05:42:01+00:00,0,1,-5.9563
SEQ_AR-11469_201205030444,AR-11469,2012-05-03T04:44:01+00:00,C:\Users\aarus\Desktop\solar-flare-warning-system\data\full_resolution_real\suit_AR-11469_T000_20120502165401.fits,C:\Users\aarus\Desktop\solar-flare-warning-system\data\full_resolution_real\suit_AR-11469_T001_20120502235401.fits,C:\Users\aarus\Desktop\solar-flare-warning-system\data\full_resolution_real\suit_AR-11469_T002_20120503032401.fits,C:\Users\aarus\Desktop\solar-flare-warning-system\data\full_resolution_real\suit_AR-11469_T003_20120503044401.fits,2012-05-04T04:44:01+00:00,2012-05-05T04:44:01+00:00,0,1,-5.8155
SEQ_AR-11472_201205021203,AR-11472,2012-05-02T12:03:00+00:00,C:\Users\aarus\Desktop\solar-flare-warning-system\data\full_resolution_real\suit_AR-11472_T000_20120502001300.fits,C:\Users\aarus\Desktop\solar-flare-warning-system\data\full_resolution_real\suit_AR-11472_T001_20120502071300.fits,C:\Users\aarus\Desktop\solar-flare-warning-system\data\full_resolution_real\suit_AR-11472_T002_20120502104300.fits,C:\Users\aarus\Desktop\solar-flare-warning-system\data\full_resolution_real\suit_AR-11472_T003_20120502120300.fits,2012-05-03T12:03:00+00:00,2012-05-04T12:03:00+00:00,0,0,-8.0
SEQ_AR-11476_201205141608,AR-11476,2012-05-14T16:08:57+00:00,C:\Users\aarus\Desktop\solar-flare-warning-system\data\full_resolution_real\suit_AR-11476_T000_20120514041857.fits,C:\Users\aarus\Desktop\solar-flare-warning-system\data\full_resolution_real\suit_AR-11476_T001_20120514111857.fits,C:\Users\aarus\Desktop\solar-flare-warning-system\data\full_resolution_real\suit_AR-11476_T002_20120514144857.fits,C:\Users\aarus\Desktop\solar-flare-warning-system\data\full_resolution_real\suit_AR-11476_T003_20120514160857.fits,2012-05-15T16:08:57+00:00,2012-05-16T16:08:57+00:00,0,1,-5.699
SEQ_AR-11479_201205141140,AR-11479,2012-05-14T11:40:32+00:00,C:\Users\aarus\Desktop\solar-flare-warning-system\data\full_resolution_real\suit_AR-11479_T000_20120513235032.fits,C:\Users\aarus\Desktop\solar-flare-warning-system\data\full_resolution_real\suit_AR-11479_T001_20120514065032.fits,C:\Users\aarus\Desktop\solar-flare-warning-system\data\full_resolution_real\suit_AR-11479_T002_20120514102032.fits,C:\Users\aarus\Desktop\solar-flare-warning-system\data\full_resolution_real\suit_AR-11479_T003_20120514114032.fits,2012-05-15T11:40:32+00:00,2012-05-16T11:40:32+00:00,0,0,-8.0
SEQ_AR-11481_201205141150,AR-11481,2012-05-14T11:50:00+00:00,C:\Users\aarus\Desktop\solar-flare-warning-system\data\full_resolution_real\suit_AR-11481_T000_20120514000000.fits,C:\Users\aarus\Desktop\solar-flare-warning-system\data\full_resolution_real\suit_AR-11481_T001_20120514070000.fits,C:\Users\aarus\Desktop\solar-flare-warning-system\data\full_resolution_real\suit_AR-11481_T002_20120514103000.fits,C:\Users\aarus\Desktop\solar-flare-warning-system\data\full_resolution_real\suit_AR-11481_T003_20120514115000.fits,2012-05-15T11:50:00+00:00,2012-05-16T11:50:00+00:00,0,0,-8.0
SEQ_AR-11486_201205251150,AR-11486,2012-05-25T11:50:00+00:00,C:\Users\aarus\Desktop\solar-flare-warning-system\data\full_resolution_real\suit_AR-11486_T000_20120525000000.fits,C:\Users\aarus\Desktop\solar-flare-warning-system\data\full_resolution_real\suit_AR-11486_T001_20120525070000.fits,C:\Users\aarus\Desktop\solar-flare-warning-system\data\full_resolution_real\suit_AR-11486_T002_20120525103000.fits,C:\Users\aarus\Desktop\solar-flare-warning-system\data\full_resolution_real\suit_AR-11486_T003_20120525115000.fits,2012-05-26T11:50:00+00:00,2012-05-27T11:50:00+00:00,0,0,-8.0
SEQ_AR-11492_201205280445,AR-11492,2012-05-28T04:45:01+00:00,C:\Users\aarus\Desktop\solar-flare-warning-system\data\full_resolution_real\suit_AR-11492_T000_20120527165501.fits,C:\Users\aarus\Desktop\solar-flare-warning-system\data\full_resolution_real\suit_AR-11492_T001_20120527235501.fits,C:\Users\aarus\Desktop\solar-flare-warning-system\data\full_resolution_real\suit_AR-11492_T002_20120528032501.fits,C:\Users\aarus\Desktop\solar-flare-warning-system\data\full_resolution_real\suit_AR-11492_T003_20120528044501.fits,2012-05-29T04:45:01+00:00,2012-05-30T04:45:01+00:00,0,0,-6.3854
SEQ_AR-11492_201206040605,AR-11492,2012-06-04T06:05:00+00:00,C:\Users\aarus\Desktop\solar-flare-warning-system\data\full_resolution_real\suit_AR-11492_T001_20120527235501.fits,C:\Users\aarus\Desktop\solar-flare-warning-system\data\full_resolution_real\suit_AR-11492_T002_20120528032501.fits,C:\Users\aarus\Desktop\solar-flare-warning-system\data\full_resolution_real\suit_AR-11492_T003_20120528044501.fits,C:\Users\aarus\Desktop\solar-flare-warning-system\data\full_resolution_real\suit_AR-11492_T000_20120604060500.fits,2012-06-05T06:05:00+00:00,2012-06-06T06:05:00+00:00,0,0,-8.0
SEQ_AR-11492_201206041305,AR-11492,2012-06-04T13:05:00+00:00,C:\Users\aarus\Desktop\solar-flare-warning-system\data\full_resolution_real\suit_AR-11492_T002_20120528032501.fits,C:\Users\aarus\Desktop\solar-flare-warning-system\data\full_resolution_real\suit_AR-11492_T003_20120528044501.fits,C:\Users\aarus\Desktop\solar-flare-warning-system\data\full_resolution_real\suit_AR-11492_T000_20120604060500.fits,C:\Users\aarus\Desktop\solar-flare-warning-system\data\full_resolution_real\suit_AR-11492_T001_20120604130500.fits,2012-06-05T13:05:00+00:00,2012-06-06T13:05:00+00:00,0,0,-8.0
SEQ_AR-11492_201206041635,AR-11492,2012-06-04T16:35:00+00:00,C:\Users\aarus\Desktop\solar-flare-warning-system\data\full_resolution_real\suit_AR-11492_T003_20120528044501.fits,C:\Users\aarus\Desktop\solar-flare-warning-system\data\full_resolution_real\suit_AR-11492_T000_20120604060500.fits,C:\Users\aarus\Desktop\solar-flare-warning-system\data\full_resolution_real\suit_AR-11492_T001_20120604130500.fits,C:\Users\aarus\Desktop\solar-flare-warning-system\data\full_resolution_real\suit_AR-11492_T002_20120604163500.fits,2012-06-05T16:35:00+00:00,2012-06-06T16:35:00+00:00,0,0,-8.0
SEQ_AR-11492_201206041755,AR-11492,2012-06-04T17:55:00+00:00,C:\Users\aarus\Desktop\solar-flare-warning-system\data\full_resolution_real\suit_AR-11492_T000_20120604060500.fits,C:\Users\aarus\Desktop\solar-flare-warning-system\data\full_resolution_real\suit_AR-11492_T001_20120604130500.fits,C:\Users\aarus\Desktop\solar-flare-warning-system\data\full_resolution_real\suit_AR-11492_T002_20120604163500.fits,C:\Users\aarus\Desktop\solar-flare-warning-system\data\full_resolution_real\suit_AR-11492_T003_20120604175500.fits,2012-06-05T17:55:00+00:00,2012-06-06T17:55:00+00:00,0,0,-8.0
SEQ_AR-11494_201206040745,AR-11494,2012-06-04T07:45:01+00:00,C:\Users\aarus\Desktop\solar-flare-warning-system\data\full_resolution_real\suit_AR-11494_T000_20120603195501.fits,C:\Users\aarus\Desktop\solar-flare-warning-system\data\full_resolution_real\suit_AR-11494_T001_20120604025501.fits,C:\Users\aarus\Desktop\solar-flare-warning-system\data\full_resolution_real\suit_AR-11494_T002_20120604062501.fits,C:\Users\aarus\Desktop\solar-flare-warning-system\data\full_resolution_real\suit_AR-11494_T003_20120604074501.fits,2012-06-05T07:45:01+00:00,2012-06-06T07:45:01+00:00,0,1,-5.888
SEQ_AR-11494_201206120647,AR-11494,2012-06-12T06:47:00+00:00,C:\Users\aarus\Desktop\solar-flare-warning-system\data\full_resolution_real\suit_AR-11494_T001_20120604025501.fits,C:\Users\aarus\Desktop\solar-flare-warning-system\data\full_resolution_real\suit_AR-11494_T002_20120604062501.fits,C:\Users\aarus\Desktop\solar-flare-warning-system\data\full_resolution_real\suit_AR-11494_T003_20120604074501.fits,C:\Users\aarus\Desktop\solar-flare-warning-system\data\full_resolution_real\suit_AR-11494_T000_20120612064700.fits,2012-06-13T06:47:00+00:00,2012-06-14T06:47:00+00:00,0,0,-8.0
SEQ_AR-11494_201206121347,AR-11494,2012-06-12T13:47:00+00:00,C:\Users\aarus\Desktop\solar-flare-warning-system\data\full_resolution_real\suit_AR-11494_T002_20120604062501.fits,C:\Users\aarus\Desktop\solar-flare-warning-system\data\full_resolution_real\suit_AR-11494_T003_20120604074501.fits,C:\Users\aarus\Desktop\solar-flare-warning-system\data\full_resolution_real\suit_AR-11494_T000_20120612064700.fits,C:\Users\aarus\Desktop\solar-flare-warning-system\data\full_resolution_real\suit_AR-11494_T001_20120612134700.fits,2012-06-13T13:47:00+00:00,2012-06-14T13:47:00+00:00,0,0,-8.0
SEQ_AR-11494_201206121717,AR-11494,2012-06-12T17:17:00+00:00,C:\Users\aarus\Desktop\solar-flare-warning-system\data\full_resolution_real\suit_AR-11494_T003_20120604074501.fits,C:\Users\aarus\Desktop\solar-flare-warning-system\data\full_resolution_real\suit_AR-11494_T000_20120612064700.fits,C:\Users\aarus\Desktop\solar-flare-warning-system\data\full_resolution_real\suit_AR-11494_T001_20120612134700.fits,C:\Users\aarus\Desktop\solar-flare-warning-system\data\full_resolution_real\suit_AR-11494_T002_20120612171700.fits,2012-06-13T17:17:00+00:00,2012-06-14T17:17:00+00:00,0,0,-8.0
SEQ_AR-11494_201206121837,AR-11494,2012-06-12T18:37:00+00:00,C:\Users\aarus\Desktop\solar-flare-warning-system\data\full_resolution_real\suit_AR-11494_T000_20120612064700.fits,C:\Users\aarus\Desktop\solar-flare-warning-system\data\full_resolution_real\suit_AR-11494_T001_20120612134700.fits,C:\Users\aarus\Desktop\solar-flare-warning-system\data\full_resolution_real\suit_AR-11494_T002_20120612171700.fits,C:\Users\aarus\Desktop\solar-flare-warning-system\data\full_resolution_real\suit_AR-11494_T003_20120612183700.fits,2012-06-13T18:37:00+00:00,2012-06-14T18:37:00+00:00,0,0,-8.0
SEQ_AR-11497_201206021150,AR-11497,2012-06-02T11:50:00+00:00,C:\Users\aarus\Desktop\solar-flare-warning-system\data\full_resolution_real\suit_AR-11497_T000_20120602000000.fits,C:\Users\aarus\Desktop\solar-flare-warning-system\data\full_resolution_real\suit_AR-11497_T001_20120602070000.fits,C:\Users\aarus\Desktop\solar-flare-warning-system\data\full_resolution_real\suit_AR-11497_T002_20120602103000.fits,C:\Users\aarus\Desktop\solar-flare-warning-system\data\full_resolution_real\suit_AR-11497_T003_20120602115000.fits,2012-06-03T11:50:00+00:00,2012-06-04T11:50:00+00:00,0,0,-8.0
SEQ_AR-11498_201206060005,AR-11498,2012-06-06T00:05:01+00:00,C:\Users\aarus\Desktop\solar-flare-warning-system\data\full_resolution_real\suit_AR-11498_T000_20120605121501.fits,C:\Users\aarus\Desktop\solar-flare-warning-system\data\full_resolution_real\suit_AR-11498_T001_20120605191501.fits,C:\Users\aarus\Desktop\solar-flare-warning-system\data\full_resolution_real\suit_AR-11498_T002_20120605224501.fits,C:\Users\aarus\Desktop\solar-flare-warning-system\data\full_resolution_real\suit_AR-11498_T003_20120606000501.fits,2012-06-07T00:05:01+00:00,2012-06-08T00:05:01+00:00,0,1,-5.7253
SEQ_AR-11499_201206081022,AR-11499,2012-06-08T10:22:01+00:00,C:\Users\aarus\Desktop\solar-flare-warning-system\data\full_resolution_real\suit_AR-11499_T000_20120607223201.fits,C:\Users\aarus\Desktop\solar-flare-warning-system\data\full_resolution_real\suit_AR-11499_T001_20120608053201.fits,C:\Users\aarus\Desktop\solar-flare-warning-system\data\full_resolution_real\suit_AR-11499_T002_20120608090201.fits,C:\Users\aarus\Desktop\solar-flare-warning-system\data\full_resolution_real\suit_AR-11499_T003_20120608102201.fits,2012-06-09T10:22:01+00:00,2012-06-10T10:22:01+00:00,0,1,-5.7533
SEQ_AR-11504_201206160039,AR-11504,2012-06-16T00:39:36+00:00,C:\Users\aarus\Desktop\solar-flare-warning-system\data\full_resolution_real\suit_AR-11504_T000_20120615124936.fits,C:\Users\aarus\Desktop\solar-flare-warning-system\data\full_resolution_real\suit_AR-11504_T001_20120615194936.fits,C:\Users\aarus\Desktop\solar-flare-warning-system\data\full_resolution_real\suit_AR-11504_T002_20120615231936.fits,C:\Users\aarus\Desktop\solar-flare-warning-system\data\full_resolution_real\suit_AR-11504_T003_20120616003936.fits,2012-06-17T00:39:36+00:00,2012-06-18T00:39:36+00:00,0,1,-5.3384
SEQ_AR-11504_201206160540,AR-11504,2012-06-16T05:40:01+00:00,C:\Users\aarus\Desktop\solar-flare-warning-system\data\full_resolution_real\suit_AR-11504_T001_20120615194936.fits,C:\Users\aarus\Desktop\solar-flare-warning-system\data\full_resolution_real\suit_AR-11504_T002_20120615231936.fits,C:\Users\aarus\Desktop\solar-flare-warning-system\data\full_resolution_real\suit_AR-11504_T003_20120616003936.fits,C:\Users\aarus\Desktop\solar-flare-warning-system\data\full_resolution_real\suit_AR-11504_T000_20120616054001.fits,2012-06-17T05:40:01+00:00,2012-06-18T05:40:01+00:00,0,1,-5.3384
SEQ_AR-11504_201206161240,AR-11504,2012-06-16T12:40:01+00:00,C:\Users\aarus\Desktop\solar-flare-warning-system\data\full_resolution_real\suit_AR-11504_T002_20120615231936.fits,C:\Users\aarus\Desktop\solar-flare-warning-system\data\full_resolution_real\suit_AR-11504_T003_20120616003936.fits,C:\Users\aarus\Desktop\solar-flare-warning-system\data\full_resolution_real\suit_AR-11504_T000_20120616054001.fits,C:\Users\aarus\Desktop\solar-flare-warning-system\data\full_resolution_real\suit_AR-11504_T001_20120616124001.fits,2012-06-17T12:40:01+00:00,2012-06-18T12:40:01+00:00,0,1,-5.3384
SEQ_AR-11504_201206161610,AR-11504,2012-06-16T16:10:01+00:00,C:\Users\aarus\Desktop\solar-flare-warning-system\data\full_resolution_real\suit_AR-11504_T003_20120616003936.fits,C:\Users\aarus\Desktop\solar-flare-warning-system\data\full_resolution_real\suit_AR-11504_T000_20120616054001.fits,C:\Users\aarus\Desktop\solar-flare-warning-system\data\full_resolution_real\suit_AR-11504_T001_20120616124001.fits,C:\Users\aarus\Desktop\solar-flare-warning-system\data\full_resolution_real\suit_AR-11504_T002_20120616161001.fits,2012-06-17T16:10:01+00:00,2012-06-18T16:10:01+00:00,0,1,-5.3384
SEQ_AR-11504_201206161730,AR-11504,2012-06-16T17:30:01+00:00,C:\Users\aarus\Desktop\solar-flare-warning-system\data\full_resolution_real\suit_AR-11504_T000_20120616054001.fits,C:\Users\aarus\Desktop\solar-flare-warning-system\data\full_resolution_real\suit_AR-11504_T001_20120616124001.fits,C:\Users\aarus\Desktop\solar-flare-warning-system\data\full_resolution_real\suit_AR-11504_T002_20120616161001.fits,C:\Users\aarus\Desktop\solar-flare-warning-system\data\full_resolution_real\suit_AR-11504_T003_20120616173001.fits,2012-06-17T17:30:01+00:00,2012-06-18T17:30:01+00:00,0,1,-5.3384
SEQ_AR-11504_201206170545,AR-11504,2012-06-17T05:45:59+00:00,C:\Users\aarus\Desktop\solar-flare-warning-system\data\full_resolution_real\suit_AR-11504_T001_20120616124001.fits,C:\Users\aarus\Desktop\solar-flare-warning-system\data\full_resolution_real\suit_AR-11504_T002_20120616161001.fits,C:\Users\aarus\Desktop\solar-flare-warning-system\data\full_resolution_real\suit_AR-11504_T003_20120616173001.fits,C:\Users\aarus\Desktop\solar-flare-warning-system\data\full_resolution_real\suit_AR-11504_T000_20120617054559.fits,2012-06-18T05:45:59+00:00,2012-06-19T05:45:59+00:00,0,1,-5.6741
SEQ_AR-11504_201206171245,AR-11504,2012-06-17T12:45:59+00:00,C:\Users\aarus\Desktop\solar-flare-warning-system\data\full_resolution_real\suit_AR-11504_T002_20120616161001.fits,C:\Users\aarus\Desktop\solar-flare-warning-system\data\full_resolution_real\suit_AR-11504_T003_20120616173001.fits,C:\Users\aarus\Desktop\solar-flare-warning-system\data\full_resolution_real\suit_AR-11504_T000_20120617054559.fits,C:\Users\aarus\Desktop\solar-flare-warning-system\data\full_resolution_real\suit_AR-11504_T001_20120617124559.fits,2012-06-18T12:45:59+00:00,2012-06-19T12:45:59+00:00,0,1,-5.6741
SEQ_AR-11504_201206171615,AR-11504,2012-06-17T16:15:59+00:00,C:\Users\aarus\Desktop\solar-flare-warning-system\data\full_resolution_real\suit_AR-11504_T003_20120616173001.fits,C:\Users\aarus\Desktop\solar-flare-warning-system\data\full_resolution_real\suit_AR-11504_T000_20120617054559.fits,C:\Users\aarus\Desktop\solar-flare-warning-system\data\full_resolution_real\suit_AR-11504_T001_20120617124559.fits,C:\Users\aarus\Desktop\solar-flare-warning-system\data\full_resolution_real\suit_AR-11504_T002_20120617161559.fits,2012-06-18T16:15:59+00:00,2012-06-19T16:15:59+00:00,0,1,-5.6741
SEQ_AR-11504_201206171645,AR-11504,2012-06-17T16:45:01+00:00,C:\Users\aarus\Desktop\solar-flare-warning-system\data\full_resolution_real\suit_AR-11504_T000_20120617054559.fits,C:\Users\aarus\Desktop\solar-flare-warning-system\data\full_resolution_real\suit_AR-11504_T001_20120617124559.fits,C:\Users\aarus\Desktop\solar-flare-warning-system\data\full_resolution_real\suit_AR-11504_T002_20120617161559.fits,C:\Users\aarus\Desktop\solar-flare-warning-system\data\full_resolution_real\suit_AR-11504_T000_20120617164501.fits,2012-06-18T16:45:01+00:00,2012-06-19T16:45:01+00:00,0,1,-5.6741
SEQ_AR-11504_201206171735,AR-11504,2012-06-17T17:35:59+00:00,C:\Users\aarus\Desktop\solar-flare-warning-system\data\full_resolution_real\suit_AR-11504_T001_20120617124559.fits,C:\Users\aarus\Desktop\solar-flare-warning-system\data\full_resolution_real\suit_AR-11504_T002_20120617161559.fits,C:\Users\aarus\Desktop\solar-flare-warning-system\data\full_resolution_real\suit_AR-11504_T000_20120617164501.fits,C:\Users\aarus\Desktop\solar-flare-warning-system\data\full_resolution_real\suit_AR-11504_T003_20120617173559.fits,2012-06-18T17:35:59+00:00,2012-06-19T17:35:59+00:00,0,1,-5.6741
SEQ_AR-11504_201206172345,AR-11504,2012-06-17T23:45:01+00:00,C:\Users\aarus\Desktop\solar-flare-warning-system\data\full_resolution_real\suit_AR-11504_T002_20120617161559.fits,C:\Users\aarus\Desktop\solar-flare-warning-system\data\full_resolution_real\suit_AR-11504_T000_20120617164501.fits,C:\Users\aarus\Desktop\solar-flare-warning-system\data\full_resolution_real\suit_AR-11504_T003_20120617173559.fits,C:\Users\aarus\Desktop\solar-flare-warning-system\data\full_resolution_real\suit_AR-11504_T001_20120617234501.fits,2012-06-18T23:45:01+00:00,2012-06-19T23:45:01+00:00,0,1,-5.888
SEQ_AR-11504_201206180315,AR-11504,2012-06-18T03:15:01+00:00,C:\Users\aarus\Desktop\solar-flare-warning-system\data\full_resolution_real\suit_AR-11504_T000_20120617164501.fits,C:\Users\aarus\Desktop\solar-flare-warning-system\data\full_resolution_real\suit_AR-11504_T003_20120617173559.fits,C:\Users\aarus\Desktop\solar-flare-warning-system\data\full_resolution_real\suit_AR-11504_T001_20120617234501.fits,C:\Users\aarus\Desktop\solar-flare-warning-system\data\full_resolution_real\suit_AR-11504_T002_20120618031501.fits,2012-06-19T03:15:01+00:00,2012-06-20T03:15:01+00:00,0,1,-5.888
SEQ_AR-11504_201206180435,AR-11504,2012-06-18T04:35:01+00:00,C:\Users\aarus\Desktop\solar-flare-warning-system\data\full_resolution_real\suit_AR-11504_T003_20120617173559.fits,C:\Users\aarus\Desktop\solar-flare-warning-system\data\full_resolution_real\suit_AR-11504_T001_20120617234501.fits,C:\Users\aarus\Desktop\solar-flare-warning-system\data\full_resolution_real\suit_AR-11504_T002_20120618031501.fits,C:\Users\aarus\Desktop\solar-flare-warning-system\data\full_resolution_real\suit_AR-11504_T003_20120618043501.fits,2012-06-19T04:35:01+00:00,2012-06-20T04:35:01+00:00,0,1,-5.888
SEQ_AR-11506_201206151415,AR-11506,2012-06-15T14:15:38+00:00,C:\Users\aarus\Desktop\solar-flare-warning-system\data\full_resolution_real\suit_AR-11506_T000_20120615022538.fits,C:\Users\aarus\Desktop\solar-flare-warning-system\data\full_resolution_real\suit_AR-11506_T001_20120615092538.fits,C:\Users\aarus\Desktop\solar-flare-warning-system\data\full_resolution_real\suit_AR-11506_T002_20120615125538.fits,C:\Users\aarus\Desktop\solar-flare-warning-system\data\full_resolution_real\suit_AR-11506_T003_20120615141538.fits,2012-06-16T14:15:38+00:00,2012-06-17T14:15:38+00:00,0,0,-8.0
SEQ_AR-11510_201206240323,AR-11510,2012-06-24T03:23:02+00:00,C:\Users\aarus\Desktop\solar-flare-warning-system\data\full_resolution_real\suit_AR-11510_T000_20120623153302.fits,C:\Users\aarus\Desktop\solar-flare-warning-system\data\full_resolution_real\suit_AR-11510_T001_20120623223302.fits,C:\Users\aarus\Desktop\solar-flare-warning-system\data\full_resolution_real\suit_AR-11510_T002_20120624020302.fits,C:\Users\aarus\Desktop\solar-flare-warning-system\data\full_resolution_real\suit_AR-11510_T003_20120624032302.fits,2012-06-25T03:23:02+00:00,2012-06-26T03:23:02+00:00,0,0,-8.0
SEQ_AR-11512_201206280444,AR-11512,2012-06-28T04:44:59+00:00,C:\Users\aarus\Desktop\solar-flare-warning-system\data\full_resolution_real\suit_AR-11512_T000_20120627165459.fits,C:\Users\aarus\Desktop\solar-flare-warning-system\data\full_resolution_real\suit_AR-11512_T001_20120627235459.fits,C:\Users\aarus\Desktop\solar-flare-warning-system\data\full_resolution_real\suit_AR-11512_T002_20120628032459.fits,C:\Users\aarus\Desktop\solar-flare-warning-system\data\full_resolution_real\suit_AR-11512_T003_20120628044459.fits,2012-06-29T04:44:59+00:00,2012-06-30T04:44:59+00:00,0,1,-5.9849
SEQ_AR-11513_201207051450,AR-11513,2012-07-05T14:50:01+00:00,C:\Users\aarus\Desktop\solar-flare-warning-system\data\full_resolution_real\suit_AR-11513_T000_20120705030001.fits,C:\Users\aarus\Desktop\solar-flare-warning-system\data\full_resolution_real\suit_AR-11513_T001_20120705100001.fits,C:\Users\aarus\Desktop\solar-flare-warning-system\data\full_resolution_real\suit_AR-11513_T002_20120705133001.fits,C:\Users\aarus\Desktop\solar-flare-warning-system\data\full_resolution_real\suit_AR-11513_T003_20120705145001.fits,2012-07-06T14:50:01+00:00,2012-07-07T14:50:01+00:00,0,1,-5.0373
SEQ_AR-11515_201207011042,AR-11515,2012-07-01T10:42:01+00:00,C:\Users\aarus\Desktop\solar-flare-warning-system\data\full_resolution_real\suit_AR-11515_T000_20120630225201.fits,C:\Users\aarus\Desktop\solar-flare-warning-system\data\full_resolution_real\suit_AR-11515_T001_20120701055201.fits,C:\Users\aarus\Desktop\solar-flare-warning-system\data\full_resolution_real\suit_AR-11515_T002_20120701092201.fits,C:\Users\aarus\Desktop\solar-flare-warning-system\data\full_resolution_real\suit_AR-11515_T003_20120701104201.fits,2012-07-02T10:42:01+00:00,2012-07-03T10:42:01+00:00,1,2,-4.1812
SEQ_AR-11518_201207071444,AR-11518,2012-07-07T14:44:00+00:00,C:\Users\aarus\Desktop\solar-flare-warning-system\data\full_resolution_real\suit_AR-11518_T000_20120707025400.fits,C:\Users\aarus\Desktop\solar-flare-warning-system\data\full_resolution_real\suit_AR-11518_T001_20120707095400.fits,C:\Users\aarus\Desktop\solar-flare-warning-system\data\full_resolution_real\suit_AR-11518_T002_20120707132400.fits,C:\Users\aarus\Desktop\solar-flare-warning-system\data\full_resolution_real\suit_AR-11518_T003_20120707144400.fits,2012-07-08T14:44:00+00:00,2012-07-09T14:44:00+00:00,0,0,-8.0
SEQ_AR-11519_201207151837,AR-11519,2012-07-15T18:37:00+00:00,C:\Users\aarus\Desktop\solar-flare-warning-system\data\full_resolution_real\suit_AR-11519_T000_20120715064700.fits,C:\Users\aarus\Desktop\solar-flare-warning-system\data\full_resolution_real\suit_AR-11519_T001_20120715134700.fits,C:\Users\aarus\Desktop\solar-flare-warning-system\data\full_resolution_real\suit_AR-11519_T002_20120715171700.fits,C:\Users\aarus\Desktop\solar-flare-warning-system\data\full_resolution_real\suit_AR-11519_T003_20120715183700.fits,2012-07-16T18:37:00+00:00,2012-07-17T18:37:00+00:00,0,1,-5.3496
SEQ_AR-11521_201207170410,AR-11521,2012-07-17T04:10:40+00:00,C:\Users\aarus\Desktop\solar-flare-warning-system\data\full_resolution_real\suit_AR-11521_T000_20120716162040.fits,C:\Users\aarus\Desktop\solar-flare-warning-system\data\full_resolution_real\suit_AR-11521_T001_20120716232040.fits,C:\Users\aarus\Desktop\solar-flare-warning-system\data\full_resolution_real\suit_AR-11521_T002_20120717025040.fits,C:\Users\aarus\Desktop\solar-flare-warning-system\data\full_resolution_real\suit_AR-11521_T003_20120717041040.fits,2012-07-18T04:10:40+00:00,2012-07-19T04:10:40+00:00,0,1,-5.7533
SEQ_AR-11522_201207131150,AR-11522,2012-07-13T11:50:00+00:00,C:\Users\aarus\Desktop\solar-flare-warning-system\data\full_resolution_real\suit_AR-11522_T000_20120713000000.fits,C:\Users\aarus\Desktop\solar-flare-warning-system\data\full_resolution_real\suit_AR-11522_T001_20120713070000.fits,C:\Users\aarus\Desktop\solar-flare-warning-system\data\full_resolution_real\suit_AR-11522_T002_20120713103000.fits,C:\Users\aarus\Desktop\solar-flare-warning-system\data\full_resolution_real\suit_AR-11522_T003_20120713115000.fits,2012-07-14T11:50:00+00:00,2012-07-15T11:50:00+00:00,0,1,-5.7833
SEQ_AR-11522_201207141658,AR-11522,2012-07-14T16:58:01+00:00,C:\Users\aarus\Desktop\solar-flare-warning-system\data\full_resolution_real\suit_AR-11522_T001_20120713070000.fits,C:\Users\aarus\Desktop\solar-flare-warning-system\data\full_resolution_real\suit_AR-11522_T002_20120713103000.fits,C:\Users\aarus\Desktop\solar-flare-warning-system\data\full_resolution_real\suit_AR-11522_T003_20120713115000.fits,C:\Users\aarus\Desktop\solar-flare-warning-system\data\full_resolution_real\suit_AR-11522_T000_20120714165801.fits,2012-07-15T16:58:01+00:00,2012-07-16T16:58:01+00:00,0,1,-5.4523
SEQ_AR-11522_201207142358,AR-11522,2012-07-14T23:58:01+00:00,C:\Users\aarus\Desktop\solar-flare-warning-system\data\full_resolution_real\suit_AR-11522_T002_20120713103000.fits,C:\Users\aarus\Desktop\solar-flare-warning-system\data\full_resolution_real\suit_AR-11522_T003_20120713115000.fits,C:\Users\aarus\Desktop\solar-flare-warning-system\data\full_resolution_real\suit_AR-11522_T000_20120714165801.fits,C:\Users\aarus\Desktop\solar-flare-warning-system\data\full_resolution_real\suit_AR-11522_T001_20120714235801.fits,2012-07-15T23:58:01+00:00,2012-07-16T23:58:01+00:00,0,1,-5.4523
SEQ_AR-11522_201207150328,AR-11522,2012-07-15T03:28:01+00:00,C:\Users\aarus\Desktop\solar-flare-warning-system\data\full_resolution_real\suit_AR-11522_T003_20120713115000.fits,C:\Users\aarus\Desktop\solar-flare-warning-system\data\full_resolution_real\suit_AR-11522_T000_20120714165801.fits,C:\Users\aarus\Desktop\solar-flare-warning-system\data\full_resolution_real\suit_AR-11522_T001_20120714235801.fits,C:\Users\aarus\Desktop\solar-flare-warning-system\data\full_resolution_real\suit_AR-11522_T002_20120715032801.fits,2012-07-16T03:28:01+00:00,2012-07-17T03:28:01+00:00,0,1,-5.4523
SEQ_AR-11522_201207150448,AR-11522,2012-07-15T04:48:01+00:00,C:\Users\aarus\Desktop\solar-flare-warning-system\data\full_resolution_real\suit_AR-11522_T000_20120714165801.fits,C:\Users\aarus\Desktop\solar-flare-warning-system\data\full_resolution_real\suit_AR-11522_T001_20120714235801.fits,C:\Users\aarus\Desktop\solar-flare-warning-system\data\full_resolution_real\suit_AR-11522_T002_20120715032801.fits,C:\Users\aarus\Desktop\solar-flare-warning-system\data\full_resolution_real\suit_AR-11522_T003_20120715044801.fits,2012-07-16T04:48:01+00:00,2012-07-17T04:48:01+00:00,0,1,-5.4523
SEQ_AR-11525_201207241434,AR-11525,2012-07-24T14:34:36+00:00,C:\Users\aarus\Desktop\solar-flare-warning-system\data\full_resolution_real\suit_AR-11525_T000_20120724024436.fits,C:\Users\aarus\Desktop\solar-flare-warning-system\data\full_resolution_real\suit_AR-11525_T001_20120724094436.fits,C:\Users\aarus\Desktop\solar-flare-warning-system\data\full_resolution_real\suit_AR-11525_T002_20120724131436.fits,C:\Users\aarus\Desktop\solar-flare-warning-system\data\full_resolution_real\suit_AR-11525_T003_20120724143436.fits,2012-07-25T14:34:36+00:00,2012-07-26T14:34:36+00:00,0,0,-8.0
SEQ_AR-11528_201207241150,AR-11528,2012-07-24T11:50:00+00:00,C:\Users\aarus\Desktop\solar-flare-warning-system\data\full_resolution_real\suit_AR-11528_T000_20120724000000.fits,C:\Users\aarus\Desktop\solar-flare-warning-system\data\full_resolution_real\suit_AR-11528_T001_20120724070000.fits,C:\Users\aarus\Desktop\solar-flare-warning-system\data\full_resolution_real\suit_AR-11528_T002_20120724103000.fits,C:\Users\aarus\Desktop\solar-flare-warning-system\data\full_resolution_real\suit_AR-11528_T003_20120724115000.fits,2012-07-25T11:50:00+00:00,2012-07-26T11:50:00+00:00,0,0,-6.1586
SEQ_AR-11528_201207242202,AR-11528,2012-07-24T22:02:01+00:00,C:\Users\aarus\Desktop\solar-flare-warning-system\data\full_resolution_real\suit_AR-11528_T001_20120724070000.fits,C:\Users\aarus\Desktop\solar-flare-warning-system\data\full_resolution_real\suit_AR-11528_T002_20120724103000.fits,C:\Users\aarus\Desktop\solar-flare-warning-system\data\full_resolution_real\suit_AR-11528_T003_20120724115000.fits,C:\Users\aarus\Desktop\solar-flare-warning-system\data\full_resolution_real\suit_AR-11528_T000_20120724220201.fits,2012-07-25T22:02:01+00:00,2012-07-26T22:02:01+00:00,0,0,-6.0969
SEQ_AR-11528_201207250502,AR-11528,2012-07-25T05:02:01+00:00,C:\Users\aarus\Desktop\solar-flare-warning-system\data\full_resolution_real\suit_AR-11528_T002_20120724103000.fits,C:\Users\aarus\Desktop\solar-flare-warning-system\data\full_resolution_real\suit_AR-11528_T003_20120724115000.fits,C:\Users\aarus\Desktop\solar-flare-warning-system\data\full_resolution_real\suit_AR-11528_T000_20120724220201.fits,C:\Users\aarus\Desktop\solar-flare-warning-system\data\full_resolution_real\suit_AR-11528_T001_20120725050201.fits,2012-07-26T05:02:01+00:00,2012-07-27T05:02:01+00:00,0,0,-6.0969
SEQ_AR-11528_201207250832,AR-11528,2012-07-25T08:32:01+00:00,C:\Users\aarus\Desktop\solar-flare-warning-system\data\full_resolution_real\suit_AR-11528_T003_20120724115000.fits,C:\Users\aarus\Desktop\solar-flare-warning-system\data\full_resolution_real\suit_AR-11528_T000_20120724220201.fits,C:\Users\aarus\Desktop\solar-flare-warning-system\data\full_resolution_real\suit_AR-11528_T001_20120725050201.fits,C:\Users\aarus\Desktop\solar-flare-warning-system\data\full_resolution_real\suit_AR-11528_T002_20120725083201.fits,2012-07-26T08:32:01+00:00,2012-07-27T08:32:01+00:00,0,0,-6.0969
SEQ_AR-11528_201207250952,AR-11528,2012-07-25T09:52:01+00:00,C:\Users\aarus\Desktop\solar-flare-warning-system\data\full_resolution_real\suit_AR-11528_T000_20120724220201.fits,C:\Users\aarus\Desktop\solar-flare-warning-system\data\full_resolution_real\suit_AR-11528_T001_20120725050201.fits,C:\Users\aarus\Desktop\solar-flare-warning-system\data\full_resolution_real\suit_AR-11528_T002_20120725083201.fits,C:\Users\aarus\Desktop\solar-flare-warning-system\data\full_resolution_real\suit_AR-11528_T003_20120725095201.fits,2012-07-26T09:52:01+00:00,2012-07-27T09:52:01+00:00,0,0,-6.0969
SEQ_AR-11529_201207260658,AR-11529,2012-07-26T06:58:47+00:00,C:\Users\aarus\Desktop\solar-flare-warning-system\data\full_resolution_real\suit_AR-11529_T000_20120725190847.fits,C:\Users\aarus\Desktop\solar-flare-warning-system\data\full_resolution_real\suit_AR-11529_T001_20120726020847.fits,C:\Users\aarus\Desktop\solar-flare-warning-system\data\full_resolution_real\suit_AR-11529_T002_20120726053847.fits,C:\Users\aarus\Desktop\solar-flare-warning-system\data\full_resolution_real\suit_AR-11529_T003_20120726065847.fits,2012-07-27T06:58:47+00:00,2012-07-28T06:58:47+00:00,0,0,-8.0
SEQ_AR-11533_201207302350,AR-11533,2012-07-30T23:50:00+00:00,C:\Users\aarus\Desktop\solar-flare-warning-system\data\full_resolution_real\suit_AR-11533_T000_20120730120000.fits,C:\Users\aarus\Desktop\solar-flare-warning-system\data\full_resolution_real\suit_AR-11533_T001_20120730190000.fits,C:\Users\aarus\Desktop\solar-flare-warning-system\data\full_resolution_real\suit_AR-11533_T002_20120730223000.fits,C:\Users\aarus\Desktop\solar-flare-warning-system\data\full_resolution_real\suit_AR-11533_T003_20120730235000.fits,2012-07-31T23:50:00+00:00,2012-08-01T23:50:00+00:00,0,0,-8.0
SEQ_AR-11535_201208040412,AR-11535,2012-08-04T04:12:00+00:00,C:\Users\aarus\Desktop\solar-flare-warning-system\data\full_resolution_real\suit_AR-11535_T000_20120803162200.fits,C:\Users\aarus\Desktop\solar-flare-warning-system\data\full_resolution_real\suit_AR-11535_T001_20120803232200.fits,C:\Users\aarus\Desktop\solar-flare-warning-system\data\full_resolution_real\suit_AR-11535_T002_20120804025200.fits,C:\Users\aarus\Desktop\solar-flare-warning-system\data\full_resolution_real\suit_AR-11535_T003_20120804041200.fits,2012-08-05T04:12:00+00:00,2012-08-06T04:12:00+00:00,0,1,-5.8155
SEQ_AR-11541_201208060239,AR-11541,2012-08-06T02:39:21+00:00,C:\Users\aarus\Desktop\solar-flare-warning-system\data\full_resolution_real\suit_AR-11541_T000_20120805144921.fits,C:\Users\aarus\Desktop\solar-flare-warning-system\data\full_resolution_real\suit_AR-11541_T001_20120805214921.fits,C:\Users\aarus\Desktop\solar-flare-warning-system\data\full_resolution_real\suit_AR-11541_T002_20120806011921.fits,C:\Users\aarus\Desktop\solar-flare-warning-system\data\full_resolution_real\suit_AR-11541_T003_20120806023921.fits,2012-08-07T02:39:21+00:00,2012-08-08T02:39:21+00:00,0,0,-8.0
SEQ_AR-11542_201208091137,AR-11542,2012-08-09T11:37:00+00:00,C:\Users\aarus\Desktop\solar-flare-warning-system\data\full_resolution_real\suit_AR-11542_T000_20120808234700.fits,C:\Users\aarus\Desktop\solar-flare-warning-system\data\full_resolution_real\suit_AR-11542_T001_20120809064700.fits,C:\Users\aarus\Desktop\solar-flare-warning-system\data\full_resolution_real\suit_AR-11542_T002_20120809101700.fits,C:\Users\aarus\Desktop\solar-flare-warning-system\data\full_resolution_real\suit_AR-11542_T003_20120809113700.fits,2012-08-10T11:37:00+00:00,2012-08-11T11:37:00+00:00,0,1,-5.0051
SEQ_AR-11542_201208100442,AR-11542,2012-08-10T04:42:01+00:00,C:\Users\aarus\Desktop\solar-flare-warning-system\data\full_resolution_real\suit_AR-11542_T001_20120809064700.fits,C:\Users\aarus\Desktop\solar-flare-warning-system\data\full_resolution_real\suit_AR-11542_T002_20120809101700.fits,C:\Users\aarus\Desktop\solar-flare-warning-system\data\full_resolution_real\suit_AR-11542_T003_20120809113700.fits,C:\Users\aarus\Desktop\solar-flare-warning-system\data\full_resolution_real\suit_AR-11542_T000_20120810044201.fits,2012-08-11T04:42:01+00:00,2012-08-12T04:42:01+00:00,0,1,-5.6284
SEQ_AR-11542_201208101142,AR-11542,2012-08-10T11:42:01+00:00,C:\Users\aarus\Desktop\solar-flare-warning-system\data\full_resolution_real\suit_AR-11542_T002_20120809101700.fits,C:\Users\aarus\Desktop\solar-flare-warning-system\data\full_resolution_real\suit_AR-11542_T003_20120809113700.fits,C:\Users\aarus\Desktop\solar-flare-warning-system\data\full_resolution_real\suit_AR-11542_T000_20120810044201.fits,C:\Users\aarus\Desktop\solar-flare-warning-system\data\full_resolution_real\suit_AR-11542_T001_20120810114201.fits,2012-08-11T11:42:01+00:00,2012-08-12T11:42:01+00:00,0,1,-5.6284
SEQ_AR-11542_201208101512,AR-11542,2012-08-10T15:12:01+00:00,C:\Users\aarus\Desktop\solar-flare-warning-system\data\full_resolution_real\suit_AR-11542_T003_20120809113700.fits,C:\Users\aarus\Desktop\solar-flare-warning-system\data\full_resolution_real\suit_AR-11542_T000_20120810044201.fits,C:\Users\aarus\Desktop\solar-flare-warning-system\data\full_resolution_real\suit_AR-11542_T001_20120810114201.fits,C:\Users\aarus\Desktop\solar-flare-warning-system\data\full_resolution_real\suit_AR-11542_T002_20120810151201.fits,2012-08-11T15:12:01+00:00,2012-08-12T15:12:01+00:00,0,1,-5.6284
SEQ_AR-11542_201208101632,AR-11542,2012-08-10T16:32:01+00:00,C:\Users\aarus\Desktop\solar-flare-warning-system\data\full_resolution_real\suit_AR-11542_T000_20120810044201.fits,C:\Users\aarus\Desktop\solar-flare-warning-system\data\full_resolution_real\suit_AR-11542_T001_20120810114201.fits,C:\Users\aarus\Desktop\solar-flare-warning-system\data\full_resolution_real\suit_AR-11542_T002_20120810151201.fits,C:\Users\aarus\Desktop\solar-flare-warning-system\data\full_resolution_real\suit_AR-11542_T003_20120810163201.fits,2012-08-11T16:32:01+00:00,2012-08-12T16:32:01+00:00,0,1,-5.6284
SEQ_AR-11543_201208140032,AR-11543,2012-08-14T00:32:00+00:00,C:\Users\aarus\Desktop\solar-flare-warning-system\data\full_resolution_real\suit_AR-11543_T000_20120813124200.fits,C:\Users\aarus\Desktop\solar-flare-warning-system\data\full_resolution_real\suit_AR-11543_T001_20120813194200.fits,C:\Users\aarus\Desktop\solar-flare-warning-system\data\full_resolution_real\suit_AR-11543_T002_20120813231200.fits,C:\Users\aarus\Desktop\solar-flare-warning-system\data\full_resolution_real\suit_AR-11543_T003_20120814003200.fits,2012-08-15T00:32:00+00:00,2012-08-16T00:32:00+00:00,0,1,-5.888
SEQ_AR-11546_201208230423,AR-11546,2012-08-23T04:23:00+00:00,C:\Users\aarus\Desktop\solar-flare-warning-system\data\full_resolution_real\suit_AR-11546_T000_20120822163300.fits,C:\Users\aarus\Desktop\solar-flare-warning-system\data\full_resolution_real\suit_AR-11546_T001_20120822233300.fits,C:\Users\aarus\Desktop\solar-flare-warning-system\data\full_resolution_real\suit_AR-11546_T002_20120823030300.fits,C:\Users\aarus\Desktop\solar-flare-warning-system\data\full_resolution_real\suit_AR-11546_T003_20120823042300.fits,2012-08-24T04:23:00+00:00,2012-08-25T04:23:00+00:00,0,0,-8.0
SEQ_AR-11558_201209021025,AR-11558,2012-09-02T10:25:47+00:00,C:\Users\aarus\Desktop\solar-flare-warning-system\data\full_resolution_real\suit_AR-11558_T000_20120901223547.fits,C:\Users\aarus\Desktop\solar-flare-warning-system\data\full_resolution_real\suit_AR-11558_T001_20120902053547.fits,C:\Users\aarus\Desktop\solar-flare-warning-system\data\full_resolution_real\suit_AR-11558_T002_20120902090547.fits,C:\Users\aarus\Desktop\solar-flare-warning-system\data\full_resolution_real\suit_AR-11558_T003_20120902102547.fits,2012-09-03T10:25:47+00:00,2012-09-04T10:25:47+00:00,0,0,-8.0
SEQ_AR-11560_201209050104,AR-11560,2012-09-05T01:04:01+00:00,C:\Users\aarus\Desktop\solar-flare-warning-system\data\full_resolution_real\suit_AR-11560_T000_20120904131401.fits,C:\Users\aarus\Desktop\solar-flare-warning-system\data\full_resolution_real\suit_AR-11560_T001_20120904201401.fits,C:\Users\aarus\Desktop\solar-flare-warning-system\data\full_resolution_real\suit_AR-11560_T002_20120904234401.fits,C:\Users\aarus\Desktop\solar-flare-warning-system\data\full_resolution_real\suit_AR-11560_T003_20120905010401.fits,2012-09-06T01:04:01+00:00,2012-09-07T01:04:01+00:00,0,1,-5.8502
SEQ_AR-11561_201209020832,AR-11561,2012-09-02T08:32:53+00:00,C:\Users\aarus\Desktop\solar-flare-warning-system\data\full_resolution_real\suit_AR-11561_T000_20120901204253.fits,C:\Users\aarus\Desktop\solar-flare-warning-system\data\full_resolution_real\suit_AR-11561_T001_20120902034253.fits,C:\Users\aarus\Desktop\solar-flare-warning-system\data\full_resolution_real\suit_AR-11561_T002_20120902071253.fits,C:\Users\aarus\Desktop\solar-flare-warning-system\data\full_resolution_real\suit_AR-11561_T003_20120902083253.fits,2012-09-03T08:32:53+00:00,2012-09-04T08:32:53+00:00,0,0,-8.0
SEQ_AR-11564_201209050756,AR-11564,2012-09-05T07:56:00+00:00,C:\Users\aarus\Desktop\solar-flare-warning-system\data\full_resolution_real\suit_AR-11564_T000_20120904200600.fits,C:\Users\aarus\Desktop\solar-flare-warning-system\data\full_resolution_real\suit_AR-11564_T001_20120905030600.fits,C:\Users\aarus\Desktop\solar-flare-warning-system\data\full_resolution_real\suit_AR-11564_T002_20120905063600.fits,C:\Users\aarus\Desktop\solar-flare-warning-system\data\full_resolution_real\suit_AR-11564_T003_20120905075600.fits,2012-09-06T07:56:00+00:00,2012-09-07T07:56:00+00:00,0,1,-5.0721
SEQ_AR-11566_201209090047,AR-11566,2012-09-09T00:47:38+00:00,C:\Users\aarus\Desktop\solar-flare-warning-system\data\full_resolution_real\suit_AR-11566_T000_20120908125738.fits,C:\Users\aarus\Desktop\solar-flare-warning-system\data\full_resolution_real\suit_AR-11566_T001_20120908195738.fits,C:\Users\aarus\Desktop\solar-flare-warning-system\data\full_resolution_real\suit_AR-11566_T002_20120908232738.fits,C:\Users\aarus\Desktop\solar-flare-warning-system\data\full_resolution_real\suit_AR-11566_T003_20120909004738.fits,2012-09-10T00:47:38+00:00,2012-09-11T00:47:38+00:00,0,0,-8.0
SEQ_AR-11566_201209141059,AR-11566,2012-09-14T10:59:01+00:00,C:\Users\aarus\Desktop\solar-flare-warning-system\data\full_resolution_real\suit_AR-11566_T001_20120908195738.fits,C:\Users\aarus\Desktop\solar-flare-warning-system\data\full_resolution_real\suit_AR-11566_T002_20120908232738.fits,C:\Users\aarus\Desktop\solar-flare-warning-system\data\full_resolution_real\suit_AR-11566_T003_20120909004738.fits,C:\Users\aarus\Desktop\solar-flare-warning-system\data\full_resolution_real\suit_AR-11566_T000_20120914105901.fits,2012-09-15T10:59:01+00:00,2012-09-16T10:59:01+00:00,0,1,-5.9471
SEQ_AR-11566_201209141759,AR-11566,2012-09-14T17:59:01+00:00,C:\Users\aarus\Desktop\solar-flare-warning-system\data\full_resolution_real\suit_AR-11566_T002_20120908232738.fits,C:\Users\aarus\Desktop\solar-flare-warning-system\data\full_resolution_real\suit_AR-11566_T003_20120909004738.fits,C:\Users\aarus\Desktop\solar-flare-warning-system\data\full_resolution_real\suit_AR-11566_T000_20120914105901.fits,C:\Users\aarus\Desktop\solar-flare-warning-system\data\full_resolution_real\suit_AR-11566_T001_20120914175901.fits,2012-09-15T17:59:01+00:00,2012-09-16T17:59:01+00:00,0,1,-5.9471
SEQ_AR-11566_201209142129,AR-11566,2012-09-14T21:29:01+00:00,C:\Users\aarus\Desktop\solar-flare-warning-system\data\full_resolution_real\suit_AR-11566_T003_20120909004738.fits,C:\Users\aarus\Desktop\solar-flare-warning-system\data\full_resolution_real\suit_AR-11566_T000_20120914105901.fits,C:\Users\aarus\Desktop\solar-flare-warning-system\data\full_resolution_real\suit_AR-11566_T001_20120914175901.fits,C:\Users\aarus\Desktop\solar-flare-warning-system\data\full_resolution_real\suit_AR-11566_T002_20120914212901.fits,2012-09-15T21:29:01+00:00,2012-09-16T21:29:01+00:00,0,1,-5.9471
SEQ_AR-11566_201209142249,AR-11566,2012-09-14T22:49:01+00:00,C:\Users\aarus\Desktop\solar-flare-warning-system\data\full_resolution_real\suit_AR-11566_T000_20120914105901.fits,C:\Users\aarus\Desktop\solar-flare-warning-system\data\full_resolution_real\suit_AR-11566_T001_20120914175901.fits,C:\Users\aarus\Desktop\solar-flare-warning-system\data\full_resolution_real\suit_AR-11566_T002_20120914212901.fits,C:\Users\aarus\Desktop\solar-flare-warning-system\data\full_resolution_real\suit_AR-11566_T003_20120914224901.fits,2012-09-15T22:49:01+00:00,2012-09-16T22:49:01+00:00,0,1,-5.9471
SEQ_AR-11569_201209121551,AR-11569,2012-09-12T15:51:01+00:00,C:\Users\aarus\Desktop\solar-flare-warning-system\data\full_resolution_real\suit_AR-11569_T000_20120912040101.fits,C:\Users\aarus\Desktop\solar-flare-warning-system\data\full_resolution_real\suit_AR-11569_T001_20120912110101.fits,C:\Users\aarus\Desktop\solar-flare-warning-system\data\full_resolution_real\suit_AR-11569_T002_20120912143101.fits,C:\Users\aarus\Desktop\solar-flare-warning-system\data\full_resolution_real\suit_AR-11569_T003_20120912155101.fits,2012-09-13T15:51:01+00:00,2012-09-14T15:51:01+00:00,0,1,-5.699
SEQ_AR-11569_201209191808,AR-11569,2012-09-19T18:08:48+00:00,C:\Users\aarus\Desktop\solar-flare-warning-system\data\full_resolution_real\suit_AR-11569_T001_20120912110101.fits,C:\Users\aarus\Desktop\solar-flare-warning-system\data\full_resolution_real\suit_AR-11569_T002_20120912143101.fits,C:\Users\aarus\Desktop\solar-flare-warning-system\data\full_resolution_real\suit_AR-11569_T003_20120912155101.fits,C:\Users\aarus\Desktop\solar-flare-warning-system\data\full_resolution_real\suit_AR-11569_T000_20120919180848.fits,2012-09-20T18:08:48+00:00,2012-09-21T18:08:48+00:00,0,0,-8.0
SEQ_AR-11569_201209200108,AR-11569,2012-09-20T01:08:48+00:00,C:\Users\aarus\Desktop\solar-flare-warning-system\data\full_resolution_real\suit_AR-11569_T002_20120912143101.fits,C:\Users\aarus\Desktop\solar-flare-warning-system\data\full_resolution_real\suit_AR-11569_T003_20120912155101.fits,C:\Users\aarus\Desktop\solar-flare-warning-system\data\full_resolution_real\suit_AR-11569_T000_20120919180848.fits,C:\Users\aarus\Desktop\solar-flare-warning-system\data\full_resolution_real\suit_AR-11569_T001_20120920010848.fits,2012-09-21T01:08:48+00:00,2012-09-22T01:08:48+00:00,0,0,-8.0
SEQ_AR-11569_201209200438,AR-11569,2012-09-20T04:38:48+00:00,C:\Users\aarus\Desktop\solar-flare-warning-system\data\full_resolution_real\suit_AR-11569_T003_20120912155101.fits,C:\Users\aarus\Desktop\solar-flare-warning-system\data\full_resolution_real\suit_AR-11569_T000_20120919180848.fits,C:\Users\aarus\Desktop\solar-flare-warning-system\data\full_resolution_real\suit_AR-11569_T001_20120920010848.fits,C:\Users\aarus\Desktop\solar-flare-warning-system\data\full_resolution_real\suit_AR-11569_T002_20120920043848.fits,2012-09-21T04:38:48+00:00,2012-09-22T04:38:48+00:00,0,0,-8.0
SEQ_AR-11569_201209200558,AR-11569,2012-09-20T05:58:48+00:00,C:\Users\aarus\Desktop\solar-flare-warning-system\data\full_resolution_real\suit_AR-11569_T000_20120919180848.fits,C:\Users\aarus\Desktop\solar-flare-warning-system\data\full_resolution_real\suit_AR-11569_T001_20120920010848.fits,C:\Users\aarus\Desktop\solar-flare-warning-system\data\full_resolution_real\suit_AR-11569_T002_20120920043848.fits,C:\Users\aarus\Desktop\solar-flare-warning-system\data\full_resolution_real\suit_AR-11569_T003_20120920055848.fits,2012-09-21T05:58:48+00:00,2012-09-22T05:58:48+00:00,0,0,-8.0
SEQ_AR-11575_201209250241,AR-11575,2012-09-25T02:41:59+00:00,C:\Users\aarus\Desktop\solar-flare-warning-system\data\full_resolution_real\suit_AR-11575_T000_20120924145159.fits,C:\Users\aarus\Desktop\solar-flare-warning-system\data\full_resolution_real\suit_AR-11575_T001_20120924215159.fits,C:\Users\aarus\Desktop\solar-flare-warning-system\data\full_resolution_real\suit_AR-11575_T002_20120925012159.fits,C:\Users\aarus\Desktop\solar-flare-warning-system\data\full_resolution_real\suit_AR-11575_T003_20120925024159.fits,2012-09-26T02:41:59+00:00,2012-09-27T02:41:59+00:00,0,1,-5.888
SEQ_AR-11579_201209281710,AR-11579,2012-09-28T17:10:00+00:00,C:\Users\aarus\Desktop\solar-flare-warning-system\data\full_resolution_real\suit_AR-11579_T000_20120928052000.fits,C:\Users\aarus\Desktop\solar-flare-warning-system\data\full_resolution_real\suit_AR-11579_T001_20120928122000.fits,C:\Users\aarus\Desktop\solar-flare-warning-system\data\full_resolution_real\suit_AR-11579_T002_20120928155000.fits,C:\Users\aarus\Desktop\solar-flare-warning-system\data\full_resolution_real\suit_AR-11579_T003_20120928171000.fits,2012-09-29T17:10:00+00:00,2012-09-30T17:10:00+00:00,0,0,-8.0
SEQ_AR-11579_201210041241,AR-11579,2012-10-04T12:41:01+00:00,C:\Users\aarus\Desktop\solar-flare-warning-system\data\full_resolution_real\suit_AR-11579_T001_20120928122000.fits,C:\Users\aarus\Desktop\solar-flare-warning-system\data\full_resolution_real\suit_AR-11579_T002_20120928155000.fits,C:\Users\aarus\Desktop\solar-flare-warning-system\data\full_resolution_real\suit_AR-11579_T003_20120928171000.fits,C:\Users\aarus\Desktop\solar-flare-warning-system\data\full_resolution_real\suit_AR-11579_T000_20121004124101.fits,2012-10-05T12:41:01+00:00,2012-10-06T12:41:01+00:00,0,0,-6.4523
SEQ_AR-11579_201210041941,AR-11579,2012-10-04T19:41:01+00:00,C:\Users\aarus\Desktop\solar-flare-warning-system\data\full_resolution_real\suit_AR-11579_T002_20120928155000.fits,C:\Users\aarus\Desktop\solar-flare-warning-system\data\full_resolution_real\suit_AR-11579_T003_20120928171000.fits,C:\Users\aarus\Desktop\solar-flare-warning-system\data\full_resolution_real\suit_AR-11579_T000_20121004124101.fits,C:\Users\aarus\Desktop\solar-flare-warning-system\data\full_resolution_real\suit_AR-11579_T001_20121004194101.fits,2012-10-05T19:41:01+00:00,2012-10-06T19:41:01+00:00,0,0,-6.4523
SEQ_AR-11579_201210042311,AR-11579,2012-10-04T23:11:01+00:00,C:\Users\aarus\Desktop\solar-flare-warning-system\data\full_resolution_real\suit_AR-11579_T003_20120928171000.fits,C:\Users\aarus\Desktop\solar-flare-warning-system\data\full_resolution_real\suit_AR-11579_T000_20121004124101.fits,C:\Users\aarus\Desktop\solar-flare-warning-system\data\full_resolution_real\suit_AR-11579_T001_20121004194101.fits,C:\Users\aarus\Desktop\solar-flare-warning-system\data\full_resolution_real\suit_AR-11579_T002_20121004231101.fits,2012-10-05T23:11:01+00:00,2012-10-06T23:11:01+00:00,0,0,-6.4523
SEQ_AR-11579_201210050031,AR-11579,2012-10-05T00:31:01+00:00,C:\Users\aarus\Desktop\solar-flare-warning-system\data\full_resolution_real\suit_AR-11579_T000_20121004124101.fits,C:\Users\aarus\Desktop\solar-flare-warning-system\data\full_resolution_real\suit_AR-11579_T001_20121004194101.fits,C:\Users\aarus\Desktop\solar-flare-warning-system\data\full_resolution_real\suit_AR-11579_T002_20121004231101.fits,C:\Users\aarus\Desktop\solar-flare-warning-system\data\full_resolution_real\suit_AR-11579_T003_20121005003101.fits,2012-10-06T00:31:01+00:00,2012-10-07T00:31:01+00:00,0,0,-6.4523
SEQ_AR-11589_201210141849,AR-11589,2012-10-14T18:49:01+00:00,C:\Users\aarus\Desktop\solar-flare-warning-system\data\full_resolution_real\suit_AR-11589_T000_20121014065901.fits,C:\Users\aarus\Desktop\solar-flare-warning-system\data\full_resolution_real\suit_AR-11589_T001_20121014135901.fits,C:\Users\aarus\Desktop\solar-flare-warning-system\data\full_resolution_real\suit_AR-11589_T002_20121014172901.fits,C:\Users\aarus\Desktop\solar-flare-warning-system\data\full_resolution_real\suit_AR-11589_T003_20121014184901.fits,2012-10-15T18:49:01+00:00,2012-10-16T18:49:01+00:00,0,1,-5.7833
SEQ_AR-11589_201210201200,AR-11589,2012-10-20T12:00:00+00:00,C:\Users\aarus\Desktop\solar-flare-warning-system\data\full_resolution_real\suit_AR-11589_T001_20121014135901.fits,C:\Users\aarus\Desktop\solar-flare-warning-system\data\full_resolution_real\suit_AR-11589_T002_20121014172901.fits,C:\Users\aarus\Desktop\solar-flare-warning-system\data\full_resolution_real\suit_AR-11589_T003_20121014184901.fits,C:\Users\aarus\Desktop\solar-flare-warning-system\data\full_resolution_real\suit_AR-11589_T000_20121020120000.fits,2012-10-21T12:00:00+00:00,2012-10-22T12:00:00+00:00,0,0,-8.0
SEQ_AR-11589_201210201900,AR-11589,2012-10-20T19:00:00+00:00,C:\Users\aarus\Desktop\solar-flare-warning-system\data\full_resolution_real\suit_AR-11589_T002_20121014172901.fits,C:\Users\aarus\Desktop\solar-flare-warning-system\data\full_resolution_real\suit_AR-11589_T003_20121014184901.fits,C:\Users\aarus\Desktop\solar-flare-warning-system\data\full_resolution_real\suit_AR-11589_T000_20121020120000.fits,C:\Users\aarus\Desktop\solar-flare-warning-system\data\full_resolution_real\suit_AR-11589_T001_20121020190000.fits,2012-10-21T19:00:00+00:00,2012-10-22T19:00:00+00:00,0,0,-8.0
SEQ_AR-11589_201210202230,AR-11589,2012-10-20T22:30:00+00:00,C:\Users\aarus\Desktop\solar-flare-warning-system\data\full_resolution_real\suit_AR-11589_T003_20121014184901.fits,C:\Users\aarus\Desktop\solar-flare-warning-system\data\full_resolution_real\suit_AR-11589_T000_20121020120000.fits,C:\Users\aarus\Desktop\solar-flare-warning-system\data\full_resolution_real\suit_AR-11589_T001_20121020190000.fits,C:\Users\aarus\Desktop\solar-flare-warning-system\data\full_resolution_real\suit_AR-11589_T002_20121020223000.fits,2012-10-21T22:30:00+00:00,2012-10-22T22:30:00+00:00,0,0,-8.0
SEQ_AR-11589_201210202350,AR-11589,2012-10-20T23:50:00+00:00,C:\Users\aarus\Desktop\solar-flare-warning-system\data\full_resolution_real\suit_AR-11589_T000_20121020120000.fits,C:\Users\aarus\Desktop\solar-flare-warning-system\data\full_resolution_real\suit_AR-11589_T001_20121020190000.fits,C:\Users\aarus\Desktop\solar-flare-warning-system\data\full_resolution_real\suit_AR-11589_T002_20121020223000.fits,C:\Users\aarus\Desktop\solar-flare-warning-system\data\full_resolution_real\suit_AR-11589_T003_20121020235000.fits,2012-10-21T23:50:00+00:00,2012-10-22T23:50:00+00:00,0,0,-8.0
SEQ_AR-11593_201210231817,AR-11593,2012-10-23T18:17:00+00:00,C:\Users\aarus\Desktop\solar-flare-warning-system\data\full_resolution_real\suit_AR-11593_T000_20121023062700.fits,C:\Users\aarus\Desktop\solar-flare-warning-system\data\full_resolution_real\suit_AR-11593_T001_20121023132700.fits,C:\Users\aarus\Desktop\solar-flare-warning-system\data\full_resolution_real\suit_AR-11593_T002_20121023165700.fits,C:\Users\aarus\Desktop\solar-flare-warning-system\data\full_resolution_real\suit_AR-11593_T003_20121023181700.fits,2012-10-24T18:17:00+00:00,2012-10-25T18:17:00+00:00,0,1,-5.5492
SEQ_AR-11596_201210202005,AR-11596,2012-10-20T20:05:04+00:00,C:\Users\aarus\Desktop\solar-flare-warning-system\data\full_resolution_real\suit_AR-11596_T000_20121020081504.fits,C:\Users\aarus\Desktop\solar-flare-warning-system\data\full_resolution_real\suit_AR-11596_T001_20121020151504.fits,C:\Users\aarus\Desktop\solar-flare-warning-system\data\full_resolution_real\suit_AR-11596_T002_20121020184504.fits,C:\Users\aarus\Desktop\solar-flare-warning-system\data\full_resolution_real\suit_AR-11596_T003_20121020200504.fits,2012-10-21T20:05:04+00:00,2012-10-22T20:05:04+00:00,0,1,-5.6741
SEQ_AR-11596_201210230251,AR-11596,2012-10-23T02:51:01+00:00,C:\Users\aarus\Desktop\solar-flare-warning-system\data\full_resolution_real\suit_AR-11596_T001_20121020151504.fits,C:\Users\aarus\Desktop\solar-flare-warning-system\data\full_resolution_real\suit_AR-11596_T002_20121020184504.fits,C:\Users\aarus\Desktop\solar-flare-warning-system\data\full_resolution_real\suit_AR-11596_T003_20121020200504.fits,C:\Users\aarus\Desktop\solar-flare-warning-system\data\full_resolution_real\suit_AR-11596_T000_20121023025101.fits,2012-10-24T02:51:01+00:00,2012-10-25T02:51:01+00:00,0,0,-8.0
SEQ_AR-11596_201210230951,AR-11596,2012-10-23T09:51:01+00:00,C:\Users\aarus\Desktop\solar-flare-warning-system\data\full_resolution_real\suit_AR-11596_T002_20121020184504.fits,C:\Users\aarus\Desktop\solar-flare-warning-system\data\full_resolution_real\suit_AR-11596_T003_20121020200504.fits,C:\Users\aarus\Desktop\solar-flare-warning-system\data\full_resolution_real\suit_AR-11596_T000_20121023025101.fits,C:\Users\aarus\Desktop\solar-flare-warning-system\data\full_resolution_real\suit_AR-11596_T001_20121023095101.fits,2012-10-24T09:51:01+00:00,2012-10-25T09:51:01+00:00,0,0,-8.0
SEQ_AR-11596_201210231321,AR-11596,2012-10-23T13:21:01+00:00,C:\Users\aarus\Desktop\solar-flare-warning-system\data\full_resolution_real\suit_AR-11596_T003_20121020200504.fits,C:\Users\aarus\Desktop\solar-flare-warning-system\data\full_resolution_real\suit_AR-11596_T000_20121023025101.fits,C:\Users\aarus\Desktop\solar-flare-warning-system\data\full_resolution_real\suit_AR-11596_T001_20121023095101.fits,C:\Users\aarus\Desktop\solar-flare-warning-system\data\full_resolution_real\suit_AR-11596_T002_20121023132101.fits,2012-10-24T13:21:01+00:00,2012-10-25T13:21:01+00:00,0,0,-8.0
SEQ_AR-11596_201210231441,AR-11596,2012-10-23T14:41:01+00:00,C:\Users\aarus\Desktop\solar-flare-warning-system\data\full_resolution_real\suit_AR-11596_T000_20121023025101.fits,C:\Users\aarus\Desktop\solar-flare-warning-system\data\full_resolution_real\suit_AR-11596_T001_20121023095101.fits,C:\Users\aarus\Desktop\solar-flare-warning-system\data\full_resolution_real\suit_AR-11596_T002_20121023132101.fits,C:\Users\aarus\Desktop\solar-flare-warning-system\data\full_resolution_real\suit_AR-11596_T003_20121023144101.fits,2012-10-24T14:41:01+00:00,2012-10-25T14:41:01+00:00,0,0,-8.0
SEQ_AR-11598_201210231516,AR-11598,2012-10-23T15:16:01+00:00,C:\Users\aarus\Desktop\solar-flare-warning-system\data\full_resolution_real\suit_AR-11598_T000_20121023032601.fits,C:\Users\aarus\Desktop\solar-flare-warning-system\data\full_resolution_real\suit_AR-11598_T001_20121023102601.fits,C:\Users\aarus\Desktop\solar-flare-warning-system\data\full_resolution_real\suit_AR-11598_T002_20121023135601.fits,C:\Users\aarus\Desktop\solar-flare-warning-system\data\full_resolution_real\suit_AR-11598_T003_20121023151601.fits,2012-10-24T15:16:01+00:00,2012-10-25T15:16:01+00:00,0,1,-5.9294
SEQ_AR-11599_201210311913,AR-11599,2012-10-31T19:13:46+00:00,C:\Users\aarus\Desktop\solar-flare-warning-system\data\full_resolution_real\suit_AR-11599_T000_20121031072346.fits,C:\Users\aarus\Desktop\solar-flare-warning-system\data\full_resolution_real\suit_AR-11599_T001_20121031142346.fits,C:\Users\aarus\Desktop\solar-flare-warning-system\data\full_resolution_real\suit_AR-11599_T002_20121031175346.fits,C:\Users\aarus\Desktop\solar-flare-warning-system\data\full_resolution_real\suit_AR-11599_T003_20121031191346.fits,2012-11-01T19:13:46+00:00,2012-11-02T19:13:46+00:00,0,0,-8.0
SEQ_AR-11610_201211151945,AR-11610,2012-11-15T19:45:01+00:00,C:\Users\aarus\Desktop\solar-flare-warning-system\data\full_resolution_real\suit_AR-11610_T000_20121115075501.fits,C:\Users\aarus\Desktop\solar-flare-warning-system\data\full_resolution_real\suit_AR-11610_T001_20121115145501.fits,C:\Users\aarus\Desktop\solar-flare-warning-system\data\full_resolution_real\suit_AR-11610_T002_20121115182501.fits,C:\Users\aarus\Desktop\solar-flare-warning-system\data\full_resolution_real\suit_AR-11610_T003_20121115194501.fits,2012-11-16T19:45:01+00:00,2012-11-17T19:45:01+00:00,0,1,-5.9294
SEQ_AR-11611_201211181927,AR-11611,2012-11-18T19:27:00+00:00,C:\Users\aarus\Desktop\solar-flare-warning-system\data\full_resolution_real\suit_AR-11611_T000_20121118073700.fits,C:\Users\aarus\Desktop\solar-flare-warning-system\data\full_resolution_real\suit_AR-11611_T001_20121118143700.fits,C:\Users\aarus\Desktop\solar-flare-warning-system\data\full_resolution_real\suit_AR-11611_T002_20121118180700.fits,C:\Users\aarus\Desktop\solar-flare-warning-system\data\full_resolution_real\suit_AR-11611_T003_20121118192700.fits,2012-11-19T19:27:00+00:00,2012-11-20T19:27:00+00:00,0,0,-8.0
SEQ_AR-11612_201211112025,AR-11612,2012-11-11T20:25:01+00:00,C:\Users\aarus\Desktop\solar-flare-warning-system\data\full_resolution_real\suit_AR-11612_T000_20121111083501.fits,C:\Users\aarus\Desktop\solar-flare-warning-system\data\full_resolution_real\suit_AR-11612_T001_20121111153501.fits,C:\Users\aarus\Desktop\solar-flare-warning-system\data\full_resolution_real\suit_AR-11612_T002_20121111190501.fits,C:\Users\aarus\Desktop\solar-flare-warning-system\data\full_resolution_real\suit_AR-11612_T003_20121111202501.fits,2012-11-12T20:25:01+00:00,2012-11-13T20:25:01+00:00,0,0,-8.0
SEQ_AR-11613_201211150755,AR-11613,2012-11-15T07:55:58+00:00,C:\Users\aarus\Desktop\solar-flare-warning-system\data\full_resolution_real\suit_AR-11613_T000_20121114200558.fits,C:\Users\aarus\Desktop\solar-flare-warning-system\data\full_resolution_real\suit_AR-11613_T001_20121115030558.fits,C:\Users\aarus\Desktop\solar-flare-warning-system\data\full_resolution_real\suit_AR-11613_T002_20121115063558.fits,C:\Users\aarus\Desktop\solar-flare-warning-system\data\full_resolution_real\suit_AR-11613_T003_20121115075558.fits,2012-11-16T07:55:58+00:00,2012-11-17T07:55:58+00:00,0,1,-5.7833
SEQ_AR-11614_201211131954,AR-11614,2012-11-13T19:54:00+00:00,C:\Users\aarus\Desktop\solar-flare-warning-system\data\full_resolution_real\suit_AR-11614_T000_20121113080400.fits,C:\Users\aarus\Desktop\solar-flare-warning-system\data\full_resolution_real\suit_AR-11614_T001_20121113150400.fits,C:\Users\aarus\Desktop\solar-flare-warning-system\data\full_resolution_real\suit_AR-11614_T002_20121113183400.fits,C:\Users\aarus\Desktop\solar-flare-warning-system\data\full_resolution_real\suit_AR-11614_T003_20121113195400.fits,2012-11-14T19:54:00+00:00,2012-11-15T19:54:00+00:00,0,1,-5.8155
SEQ_AR-11623_201211291427,AR-11623,2012-11-29T14:27:01+00:00,C:\Users\aarus\Desktop\solar-flare-warning-system\data\full_resolution_real\suit_AR-11623_T000_20121129023701.fits,C:\Users\aarus\Desktop\solar-flare-warning-system\data\full_resolution_real\suit_AR-11623_T001_20121129093701.fits,C:\Users\aarus\Desktop\solar-flare-warning-system\data\full_resolution_real\suit_AR-11623_T002_20121129130701.fits,C:\Users\aarus\Desktop\solar-flare-warning-system\data\full_resolution_real\suit_AR-11623_T003_20121129142701.fits,2012-11-30T14:27:01+00:00,2012-12-01T14:27:01+00:00,0,0,-6.0486
SEQ_AR-11623_201212061620,AR-11623,2012-12-06T16:20:00+00:00,C:\Users\aarus\Desktop\solar-flare-warning-system\data\full_resolution_real\suit_AR-11623_T001_20121129093701.fits,C:\Users\aarus\Desktop\solar-flare-warning-system\data\full_resolution_real\suit_AR-11623_T002_20121129130701.fits,C:\Users\aarus\Desktop\solar-flare-warning-system\data\full_resolution_real\suit_AR-11623_T003_20121129142701.fits,C:\Users\aarus\Desktop\solar-flare-warning-system\data\full_resolution_real\suit_AR-11623_T000_20121206162000.fits,2012-12-07T16:20:00+00:00,2012-12-08T16:20:00+00:00,0,0,-8.0
SEQ_AR-11623_201212062320,AR-11623,2012-12-06T23:20:00+00:00,C:\Users\aarus\Desktop\solar-flare-warning-system\data\full_resolution_real\suit_AR-11623_T002_20121129130701.fits,C:\Users\aarus\Desktop\solar-flare-warning-system\data\full_resolution_real\suit_AR-11623_T003_20121129142701.fits,C:\Users\aarus\Desktop\solar-flare-warning-system\data\full_resolution_real\suit_AR-11623_T000_20121206162000.fits,C:\Users\aarus\Desktop\solar-flare-warning-system\data\full_resolution_real\suit_AR-11623_T001_20121206232000.fits,2012-12-07T23:20:00+00:00,2012-12-08T23:20:00+00:00,0,0,-8.0
SEQ_AR-11623_201212070250,AR-11623,2012-12-07T02:50:00+00:00,C:\Users\aarus\Desktop\solar-flare-warning-system\data\full_resolution_real\suit_AR-11623_T003_20121129142701.fits,C:\Users\aarus\Desktop\solar-flare-warning-system\data\full_resolution_real\suit_AR-11623_T000_20121206162000.fits,C:\Users\aarus\Desktop\solar-flare-warning-system\data\full_resolution_real\suit_AR-11623_T001_20121206232000.fits,C:\Users\aarus\Desktop\solar-flare-warning-system\data\full_resolution_real\suit_AR-11623_T002_20121207025000.fits,2012-12-08T02:50:00+00:00,2012-12-09T02:50:00+00:00,0,0,-8.0
SEQ_AR-11623_201212070410,AR-11623,2012-12-07T04:10:00+00:00,C:\Users\aarus\Desktop\solar-flare-warning-system\data\full_resolution_real\suit_AR-11623_T000_20121206162000.fits,C:\Users\aarus\Desktop\solar-flare-warning-system\data\full_resolution_real\suit_AR-11623_T001_20121206232000.fits,C:\Users\aarus\Desktop\solar-flare-warning-system\data\full_resolution_real\suit_AR-11623_T002_20121207025000.fits,C:\Users\aarus\Desktop\solar-flare-warning-system\data\full_resolution_real\suit_AR-11623_T003_20121207041000.fits,2012-12-08T04:10:00+00:00,2012-12-09T04:10:00+00:00,0,0,-8.0
SEQ_AR-11632_201212131405,AR-11632,2012-12-13T14:05:00+00:00,C:\Users\aarus\Desktop\solar-flare-warning-system\data\full_resolution_real\suit_AR-11632_T000_20121213021500.fits,C:\Users\aarus\Desktop\solar-flare-warning-system\data\full_resolution_real\suit_AR-11632_T001_20121213091500.fits,C:\Users\aarus\Desktop\solar-flare-warning-system\data\full_resolution_real\suit_AR-11632_T002_20121213124500.fits,C:\Users\aarus\Desktop\solar-flare-warning-system\data\full_resolution_real\suit_AR-11632_T003_20121213140500.fits,2012-12-14T14:05:00+00:00,2012-12-15T14:05:00+00:00,0,1,-5.8502
SEQ_AR-11633_201212181635,AR-11633,2012-12-18T16:35:00+00:00,C:\Users\aarus\Desktop\solar-flare-warning-system\data\full_resolution_real\suit_AR-11633_T000_20121218044500.fits,C:\Users\aarus\Desktop\solar-flare-warning-system\data\full_resolution_real\suit_AR-11633_T001_20121218114500.fits,C:\Users\aarus\Desktop\solar-flare-warning-system\data\full_resolution_real\suit_AR-11633_T002_20121218151500.fits,C:\Users\aarus\Desktop\solar-flare-warning-system\data\full_resolution_real\suit_AR-11633_T003_20121218163500.fits,2012-12-19T16:35:00+00:00,2012-12-20T16:35:00+00:00,0,0,-6.166
SEQ_AR-11633_201212201330,AR-11633,2012-12-20T13:30:01+00:00,C:\Users\aarus\Desktop\solar-flare-warning-system\data\full_resolution_real\suit_AR-11633_T001_20121218114500.fits,C:\Users\aarus\Desktop\solar-flare-warning-system\data\full_resolution_real\suit_AR-11633_T002_20121218151500.fits,C:\Users\aarus\Desktop\solar-flare-warning-system\data\full_resolution_real\suit_AR-11633_T003_20121218163500.fits,C:\Users\aarus\Desktop\solar-flare-warning-system\data\full_resolution_real\suit_AR-11633_T000_20121220133001.fits,2012-12-21T13:30:01+00:00,2012-12-22T13:30:01+00:00,0,0,-6.0969
SEQ_AR-11633_201212202030,AR-11633,2012-12-20T20:30:01+00:00,C:\Users\aarus\Desktop\solar-flare-warning-system\data\full_resolution_real\suit_AR-11633_T002_20121218151500.fits,C:\Users\aarus\Desktop\solar-flare-warning-system\data\full_resolution_real\suit_AR-11633_T003_20121218163500.fits,C:\Users\aarus\Desktop\solar-flare-warning-system\data\full_resolution_real\suit_AR-11633_T000_20121220133001.fits,C:\Users\aarus\Desktop\solar-flare-warning-system\data\full_resolution_real\suit_AR-11633_T001_20121220203001.fits,2012-12-21T20:30:01+00:00,2012-12-22T20:30:01+00:00,0,0,-6.0969
SEQ_AR-11633_201212210000,AR-11633,2012-12-21T00:00:01+00:00,C:\Users\aarus\Desktop\solar-flare-warning-system\data\full_resolution_real\suit_AR-11633_T003_20121218163500.fits,C:\Users\aarus\Desktop\solar-flare-warning-system\data\full_resolution_real\suit_AR-11633_T000_20121220133001.fits,C:\Users\aarus\Desktop\solar-flare-warning-system\data\full_resolution_real\suit_AR-11633_T001_20121220203001.fits,C:\Users\aarus\Desktop\solar-flare-warning-system\data\full_resolution_real\suit_AR-11633_T002_20121221000001.fits,2012-12-22T00:00:01+00:00,2012-12-23T00:00:01+00:00,0,0,-6.0969
SEQ_AR-11633_201212210120,AR-11633,2012-12-21T01:20:01+00:00,C:\Users\aarus\Desktop\solar-flare-warning-system\data\full_resolution_real\suit_AR-11633_T000_20121220133001.fits,C:\Users\aarus\Desktop\solar-flare-warning-system\data\full_resolution_real\suit_AR-11633_T001_20121220203001.fits,C:\Users\aarus\Desktop\solar-flare-warning-system\data\full_resolution_real\suit_AR-11633_T002_20121221000001.fits,C:\Users\aarus\Desktop\solar-flare-warning-system\data\full_resolution_real\suit_AR-11633_T003_20121221012001.fits,2012-12-22T01:20:01+00:00,2012-12-23T01:20:01+00:00,0,0,-6.0969
SEQ_AR-11638_201301030946,AR-11638,2013-01-03T09:46:42+00:00,C:\Users\aarus\Desktop\solar-flare-warning-system\data\full_resolution_real\suit_AR-11638_T000_20130102215642.fits,C:\Users\aarus\Desktop\solar-flare-warning-system\data\full_resolution_real\suit_AR-11638_T001_20130103045642.fits,C:\Users\aarus\Desktop\solar-flare-warning-system\data\full_resolution_real\suit_AR-11638_T002_20130103082642.fits,C:\Users\aarus\Desktop\solar-flare-warning-system\data\full_resolution_real\suit_AR-11638_T003_20130103094642.fits,2013-01-04T09:46:42+00:00,2013-01-05T09:46:42+00:00,0,0,-8.0
SEQ_AR-11642_201301030308,AR-11642,2013-01-03T03:08:15+00:00,C:\Users\aarus\Desktop\solar-flare-warning-system\data\full_resolution_real\suit_AR-11642_T000_20130102151815.fits,C:\Users\aarus\Desktop\solar-flare-warning-system\data\full_resolution_real\suit_AR-11642_T001_20130102221815.fits,C:\Users\aarus\Desktop\solar-flare-warning-system\data\full_resolution_real\suit_AR-11642_T002_20130103014815.fits,C:\Users\aarus\Desktop\solar-flare-warning-system\data\full_resolution_real\suit_AR-11642_T003_20130103030815.fits,2013-01-04T03:08:15+00:00,2013-01-05T03:08:15+00:00,0,0,-8.0
SEQ_AR-11650_201301060801,AR-11650,2013-01-06T08:01:00+00:00,C:\Users\aarus\Desktop\solar-flare-warning-system\data\full_resolution_real\suit_AR-11650_T000_20130105201100.fits,C:\Users\aarus\Desktop\solar-flare-warning-system\data\full_resolution_real\suit_AR-11650_T001_20130106031100.fits,C:\Users\aarus\Desktop\solar-flare-warning-system\data\full_resolution_real\suit_AR-11650_T002_20130106064100.fits,C:\Users\aarus\Desktop\solar-flare-warning-system\data\full_resolution_real\suit_AR-11650_T003_20130106080100.fits,2013-01-07T08:01:00+00:00,2013-01-08T08:01:00+00:00,0,0,-8.0
SEQ_AR-11652_201301111742,AR-11652,2013-01-11T17:42:01+00:00,C:\Users\aarus\Desktop\solar-flare-warning-system\data\full_resolution_real\suit_AR-11652_T000_20130111055201.fits,C:\Users\aarus\Desktop\solar-flare-warning-system\data\full_resolution_real\suit_AR-11652_T001_20130111125201.fits,C:\Users\aarus\Desktop\solar-flare-warning-system\data\full_resolution_real\suit_AR-11652_T002_20130111162201.fits,C:\Users\aarus\Desktop\solar-flare-warning-system\data\full_resolution_real\suit_AR-11652_T003_20130111174201.fits,2013-01-12T17:42:01+00:00,2013-01-13T17:42:01+00:00,1,2,-4.699
SEQ_AR-11652_201301112038,AR-11652,2013-01-11T20:38:01+00:00,C:\Users\aarus\Desktop\solar-flare-warning-system\data\full_resolution_real\suit_AR-11652_T001_20130111125201.fits,C:\Users\aarus\Desktop\solar-flare-warning-system\data\full_resolution_real\suit_AR-11652_T002_20130111162201.fits,C:\Users\aarus\Desktop\solar-flare-warning-system\data\full_resolution_real\suit_AR-11652_T003_20130111174201.fits,C:\Users\aarus\Desktop\solar-flare-warning-system\data\full_resolution_real\suit_AR-11652_T000_20130111203801.fits,2013-01-12T20:38:01+00:00,2013-01-13T20:38:01+00:00,1,2,-4.699
SEQ_AR-11652_201301120338,AR-11652,2013-01-12T03:38:01+00:00,C:\Users\aarus\Desktop\solar-flare-warning-system\data\full_resolution_real\suit_AR-11652_T002_20130111162201.fits,C:\Users\aarus\Desktop\solar-flare-warning-system\data\full_resolution_real\suit_AR-11652_T003_20130111174201.fits,C:\Users\aarus\Desktop\solar-flare-warning-system\data\full_resolution_real\suit_AR-11652_T000_20130111203801.fits,C:\Users\aarus\Desktop\solar-flare-warning-system\data\full_resolution_real\suit_AR-11652_T001_20130112033801.fits,2013-01-13T03:38:01+00:00,2013-01-14T03:38:01+00:00,1,2,-4.699
SEQ_AR-11652_201301120708,AR-11652,2013-01-12T07:08:01+00:00,C:\Users\aarus\Desktop\solar-flare-warning-system\data\full_resolution_real\suit_AR-11652_T003_20130111174201.fits,C:\Users\aarus\Desktop\solar-flare-warning-system\data\full_resolution_real\suit_AR-11652_T000_20130111203801.fits,C:\Users\aarus\Desktop\solar-flare-warning-system\data\full_resolution_real\suit_AR-11652_T001_20130112033801.fits,C:\Users\aarus\Desktop\solar-flare-warning-system\data\full_resolution_real\suit_AR-11652_T002_20130112070801.fits,2013-01-13T07:08:01+00:00,2013-01-14T07:08:01+00:00,1,2,-4.699
SEQ_AR-11652_201301120828,AR-11652,2013-01-12T08:28:01+00:00,C:\Users\aarus\Desktop\solar-flare-warning-system\data\full_resolution_real\suit_AR-11652_T000_20130111203801.fits,C:\Users\aarus\Desktop\solar-flare-warning-system\data\full_resolution_real\suit_AR-11652_T001_20130112033801.fits,C:\Users\aarus\Desktop\solar-flare-warning-system\data\full_resolution_real\suit_AR-11652_T002_20130112070801.fits,C:\Users\aarus\Desktop\solar-flare-warning-system\data\full_resolution_real\suit_AR-11652_T003_20130112082801.fits,2013-01-13T08:28:01+00:00,2013-01-14T08:28:01+00:00,1,2,-4.699
SEQ_AR-11652_201301161345,AR-11652,2013-01-16T13:45:01+00:00,C:\Users\aarus\Desktop\solar-flare-warning-system\data\full_resolution_real\suit_AR-11652_T001_20130112033801.fits,C:\Users\aarus\Desktop\solar-flare-warning-system\data\full_resolution_real\suit_AR-11652_T002_20130112070801.fits,C:\Users\aarus\Desktop\solar-flare-warning-system\data\full_resolution_real\suit_AR-11652_T003_20130112082801.fits,C:\Users\aarus\Desktop\solar-flare-warning-system\data\full_resolution_real\suit_AR-11652_T000_20130116134501.fits,2013-01-17T13:45:01+00:00,2013-01-18T13:45:01+00:00,0,1,-5.9656
SEQ_AR-11652_201301162045,AR-11652,2013-01-16T20:45:01+00:00,C:\Users\aarus\Desktop\solar-flare-warning-system\data\full_resolution_real\suit_AR-11652_T002_20130112070801.fits,C:\Users\aarus\Desktop\solar-flare-warning-system\data\full_resolution_real\suit_AR-11652_T003_20130112082801.fits,C:\Users\aarus\Desktop\solar-flare-warning-system\data\full_resolution_real\suit_AR-11652_T000_20130116134501.fits,C:\Users\aarus\Desktop\solar-flare-warning-system\data\full_resolution_real\suit_AR-11652_T001_20130116204501.fits,2013-01-17T20:45:01+00:00,2013-01-18T20:45:01+00:00,0,1,-5.9656
SEQ_AR-11652_201301170015,AR-11652,2013-01-17T00:15:01+00:00,C:\Users\aarus\Desktop\solar-flare-warning-system\data\full_resolution_real\suit_AR-11652_T003_20130112082801.fits,C:\Users\aarus\Desktop\solar-flare-warning-system\data\full_resolution_real\suit_AR-11652_T000_20130116134501.fits,C:\Users\aarus\Desktop\solar-flare-warning-system\data\full_resolution_real\suit_AR-11652_T001_20130116204501.fits,C:\Users\aarus\Desktop\solar-flare-warning-system\data\full_resolution_real\suit_AR-11652_T002_20130117001501.fits,2013-01-18T00:15:01+00:00,2013-01-19T00:15:01+00:00,0,1,-5.9656
SEQ_AR-11652_201301170135,AR-11652,2013-01-17T01:35:01+00:00,C:\Users\aarus\Desktop\solar-flare-warning-system\data\full_resolution_real\suit_AR-11652_T000_20130116134501.fits,C:\Users\aarus\Desktop\solar-flare-warning-system\data\full_resolution_real\suit_AR-11652_T001_20130116204501.fits,C:\Users\aarus\Desktop\solar-flare-warning-system\data\full_resolution_real\suit_AR-11652_T002_20130117001501.fits,C:\Users\aarus\Desktop\solar-flare-warning-system\data\full_resolution_real\suit_AR-11652_T003_20130117013501.fits,2013-01-18T01:35:01+00:00,2013-01-19T01:35:01+00:00,0,1,-5.9656
SEQ_AR-11653_201301100706,AR-11653,2013-01-10T07:06:38+00:00,C:\Users\aarus\Desktop\solar-flare-warning-system\data\full_resolution_real\suit_AR-11653_T000_20130109191638.fits,C:\Users\aarus\Desktop\solar-flare-warning-system\data\full_resolution_real\suit_AR-11653_T001_20130110021638.fits,C:\Users\aarus\Desktop\solar-flare-warning-system\data\full_resolution_real\suit_AR-11653_T002_20130110054638.fits,C:\Users\aarus\Desktop\solar-flare-warning-system\data\full_resolution_real\suit_AR-11653_T003_20130110070638.fits,2013-01-11T07:06:38+00:00,2013-01-12T07:06:38+00:00,0,0,-8.0
SEQ_AR-11654_201301091150,AR-11654,2013-01-09T11:50:00+00:00,C:\Users\aarus\Desktop\solar-flare-warning-system\data\full_resolution_real\suit_AR-11654_T000_20130109000000.fits,C:\Users\aarus\Desktop\solar-flare-warning-system\data\full_resolution_real\suit_AR-11654_T001_20130109070000.fits,C:\Users\aarus\Desktop\solar-flare-warning-system\data\full_resolution_real\suit_AR-11654_T002_20130109103000.fits,C:\Users\aarus\Desktop\solar-flare-warning-system\data\full_resolution_real\suit_AR-11654_T003_20130109115000.fits,2013-01-10T11:50:00+00:00,2013-01-11T11:50:00+00:00,0,1,-5.587
SEQ_AR-11654_201301150257,AR-11654,2013-01-15T02:57:00+00:00,C:\Users\aarus\Desktop\solar-flare-warning-system\data\full_resolution_real\suit_AR-11654_T001_20130109070000.fits,C:\Users\aarus\Desktop\solar-flare-warning-system\data\full_resolution_real\suit_AR-11654_T002_20130109103000.fits,C:\Users\aarus\Desktop\solar-flare-warning-system\data\full_resolution_real\suit_AR-11654_T003_20130109115000.fits,C:\Users\aarus\Desktop\solar-flare-warning-system\data\full_resolution_real\suit_AR-11654_T000_20130115025700.fits,2013-01-16T02:57:00+00:00,2013-01-17T02:57:00+00:00,0,1,-5.6741
SEQ_AR-11654_201301150957,AR-11654,2013-01-15T09:57:00+00:00,C:\Users\aarus\Desktop\solar-flare-warning-system\data\full_resolution_real\suit_AR-11654_T002_20130109103000.fits,C:\Users\aarus\Desktop\solar-flare-warning-system\data\full_resolution_real\suit_AR-11654_T003_20130109115000.fits,C:\Users\aarus\Desktop\solar-flare-warning-system\data\full_resolution_real\suit_AR-11654_T000_20130115025700.fits,C:\Users\aarus\Desktop\solar-flare-warning-system\data\full_resolution_real\suit_AR-11654_T001_20130115095700.fits,2013-01-16T09:57:00+00:00,2013-01-17T09:57:00+00:00,0,1,-5.6741
SEQ_AR-11654_201301151327,AR-11654,2013-01-15T13:27:00+00:00,C:\Users\aarus\Desktop\solar-flare-warning-system\data\full_resolution_real\suit_AR-11654_T003_20130109115000.fits,C:\Users\aarus\Desktop\solar-flare-warning-system\data\full_resolution_real\suit_AR-11654_T000_20130115025700.fits,C:\Users\aarus\Desktop\solar-flare-warning-system\data\full_resolution_real\suit_AR-11654_T001_20130115095700.fits,C:\Users\aarus\Desktop\solar-flare-warning-system\data\full_resolution_real\suit_AR-11654_T002_20130115132700.fits,2013-01-16T13:27:00+00:00,2013-01-17T13:27:00+00:00,0,1,-5.6741
SEQ_AR-11654_201301151447,AR-11654,2013-01-15T14:47:00+00:00,C:\Users\aarus\Desktop\solar-flare-warning-system\data\full_resolution_real\suit_AR-11654_T000_20130115025700.fits,C:\Users\aarus\Desktop\solar-flare-warning-system\data\full_resolution_real\suit_AR-11654_T001_20130115095700.fits,C:\Users\aarus\Desktop\solar-flare-warning-system\data\full_resolution_real\suit_AR-11654_T002_20130115132700.fits,C:\Users\aarus\Desktop\solar-flare-warning-system\data\full_resolution_real\suit_AR-11654_T003_20130115144700.fits,2013-01-16T14:47:00+00:00,2013-01-17T14:47:00+00:00,0,1,-5.6741
SEQ_AR-11662_201301281727,AR-11662,2013-01-28T17:27:00+00:00,C:\Users\aarus\Desktop\solar-flare-warning-system\data\full_resolution_real\suit_AR-11662_T000_20130128053700.fits,C:\Users\aarus\Desktop\solar-flare-warning-system\data\full_resolution_real\suit_AR-11662_T001_20130128123700.fits,C:\Users\aarus\Desktop\solar-flare-warning-system\data\full_resolution_real\suit_AR-11662_T002_20130128160700.fits,C:\Users\aarus\Desktop\solar-flare-warning-system\data\full_resolution_real\suit_AR-11662_T003_20130128172700.fits,2013-01-29T17:27:00+00:00,2013-01-30T17:27:00+00:00,0,0,-8.0
SEQ_AR-11665_201302101048,AR-11665,2013-02-10T10:48:28+00:00,C:\Users\aarus\Desktop\solar-flare-warning-system\data\full_resolution_real\suit_AR-11665_T000_20130209225828.fits,C:\Users\aarus\Desktop\solar-flare-warning-system\data\full_resolution_real\suit_AR-11665_T001_20130210055828.fits,C:\Users\aarus\Desktop\solar-flare-warning-system\data\full_resolution_real\suit_AR-11665_T002_20130210092828.fits,C:\Users\aarus\Desktop\solar-flare-warning-system\data\full_resolution_real\suit_AR-11665_T003_20130210104828.fits,2013-02-11T10:48:28+00:00,2013-02-12T10:48:28+00:00,0,0,-8.0
SEQ_AR-11675_201302191628,AR-11675,2013-02-19T16:28:47+00:00,C:\Users\aarus\Desktop\solar-flare-warning-system\data\full_resolution_real\suit_AR-11675_T000_20130219043847.fits,C:\Users\aarus\Desktop\solar-flare-warning-system\data\full_resolution_real\suit_AR-11675_T001_20130219113847.fits,C:\Users\aarus\Desktop\solar-flare-warning-system\data\full_resolution_real\suit_AR-11675_T002_20130219150847.fits,C:\Users\aarus\Desktop\solar-flare-warning-system\data\full_resolution_real\suit_AR-11675_T003_20130219162847.fits,2013-02-20T16:28:47+00:00,2013-02-21T16:28:47+00:00,0,0,-8.0
SEQ_AR-11677_201302181150,AR-11677,2013-02-18T11:50:00+00:00,C:\Users\aarus\Desktop\solar-flare-warning-system\data\full_resolution_real\suit_AR-11677_T000_20130218000000.fits,C:\Users\aarus\Desktop\solar-flare-warning-system\data\full_resolution_real\suit_AR-11677_T001_20130218070000.fits,C:\Users\aarus\Desktop\solar-flare-warning-system\data\full_resolution_real\suit_AR-11677_T002_20130218103000.fits,C:\Users\aarus\Desktop\solar-flare-warning-system\data\full_resolution_real\suit_AR-11677_T003_20130218115000.fits,2013-02-19T11:50:00+00:00,2013-02-20T11:50:00+00:00,0,0,-8.0
SEQ_AR-11688_201303052350,AR-11688,2013-03-05T23:50:00+00:00,C:\Users\aarus\Desktop\solar-flare-warning-system\data\full_resolution_real\suit_AR-11688_T000_20130305120000.fits,C:\Users\aarus\Desktop\solar-flare-warning-system\data\full_resolution_real\suit_AR-11688_T001_20130305190000.fits,C:\Users\aarus\Desktop\solar-flare-warning-system\data\full_resolution_real\suit_AR-11688_T002_20130305223000.fits,C:\Users\aarus\Desktop\solar-flare-warning-system\data\full_resolution_real\suit_AR-11688_T003_20130305235000.fits,2013-03-06T23:50:00+00:00,2013-03-07T23:50:00+00:00,0,0,-8.0
SEQ_AR-11698_201303160409,AR-11698,2013-03-16T04:09:00+00:00,C:\Users\aarus\Desktop\solar-flare-warning-system\data\full_resolution_real\suit_AR-11698_T000_20130315173900.fits,C:\Users\aarus\Desktop\solar-flare-warning-system\data\full_resolution_real\suit_AR-11698_T000_20130315222201.fits,C:\Users\aarus\Desktop\solar-flare-warning-system\data\full_resolution_real\suit_AR-11698_T001_20130316003900.fits,C:\Users\aarus\Desktop\solar-flare-warning-system\data\full_resolution_real\suit_AR-11698_T002_20130316040900.fits,2013-03-17T04:09:00+00:00,2013-03-18T04:09:00+00:00,0,1,-5.4823
SEQ_AR-11698_201303160522,AR-11698,2013-03-16T05:22:01+00:00,C:\Users\aarus\Desktop\solar-flare-warning-system\data\full_resolution_real\suit_AR-11698_T000_20130315222201.fits,C:\Users\aarus\Desktop\solar-flare-warning-system\data\full_resolution_real\suit_AR-11698_T001_20130316003900.fits,C:\Users\aarus\Desktop\solar-flare-warning-system\data\full_resolution_real\suit_AR-11698_T002_20130316040900.fits,C:\Users\aarus\Desktop\solar-flare-warning-system\data\full_resolution_real\suit_AR-11698_T001_20130316052201.fits,2013-03-17T05:22:01+00:00,2013-03-18T05:22:01+00:00,0,1,-5.4823
SEQ_AR-11698_201303160529,AR-11698,2013-03-16T05:29:00+00:00,C:\Users\aarus\Desktop\solar-flare-warning-system\data\full_resolution_real\suit_AR-11698_T001_20130316003900.fits,C:\Users\aarus\Desktop\solar-flare-warning-system\data\full_resolution_real\suit_AR-11698_T002_20130316040900.fits,C:\Users\aarus\Desktop\solar-flare-warning-system\data\full_resolution_real\suit_AR-11698_T001_20130316052201.fits,C:\Users\aarus\Desktop\solar-flare-warning-system\data\full_resolution_real\suit_AR-11698_T003_20130316052900.fits,2013-03-17T05:29:00+00:00,2013-03-18T05:29:00+00:00,0,1,-5.4823
SEQ_AR-11698_201303160852,AR-11698,2013-03-16T08:52:01+00:00,C:\Users\aarus\Desktop\solar-flare-warning-system\data\full_resolution_real\suit_AR-11698_T002_20130316040900.fits,C:\Users\aarus\Desktop\solar-flare-warning-system\data\full_resolution_real\suit_AR-11698_T001_20130316052201.fits,C:\Users\aarus\Desktop\solar-flare-warning-system\data\full_resolution_real\suit_AR-11698_T003_20130316052900.fits,C:\Users\aarus\Desktop\solar-flare-warning-system\data\full_resolution_real\suit_AR-11698_T002_20130316085201.fits,2013-03-17T08:52:01+00:00,2013-03-18T08:52:01+00:00,0,1,-5.4823
SEQ_AR-11698_201303161012,AR-11698,2013-03-16T10:12:01+00:00,C:\Users\aarus\Desktop\solar-flare-warning-system\data\full_resolution_real\suit_AR-11698_T001_20130316052201.fits,C:\Users\aarus\Desktop\solar-flare-warning-system\data\full_resolution_real\suit_AR-11698_T003_20130316052900.fits,C:\Users\aarus\Desktop\solar-flare-warning-system\data\full_resolution_real\suit_AR-11698_T002_20130316085201.fits,C:\Users\aarus\Desktop\solar-flare-warning-system\data\full_resolution_real\suit_AR-11698_T003_20130316101201.fits,2013-03-17T10:12:01+00:00,2013-03-18T10:12:01+00:00,0,1,-5.4823
SEQ_AR-11698_201303171317,AR-11698,2013-03-17T13:17:01+00:00,C:\Users\aarus\Desktop\solar-flare-warning-system\data\full_resolution_real\suit_AR-11698_T003_20130316052900.fits,C:\Users\aarus\Desktop\solar-flare-warning-system\data\full_resolution_real\suit_AR-11698_T002_20130316085201.fits,C:\Users\aarus\Desktop\solar-flare-warning-system\data\full_resolution_real\suit_AR-11698_T003_20130316101201.fits,C:\Users\aarus\Desktop\solar-flare-warning-system\data\full_resolution_real\suit_AR-11698_T000_20130317131701.fits,2013-03-18T13:17:01+00:00,2013-03-19T13:17:01+00:00,0,1,-5.296
SEQ_AR-11698_201303172017,AR-11698,2013-03-17T20:17:01+00:00,C:\Users\aarus\Desktop\solar-flare-warning-system\data\full_resolution_real\suit_AR-11698_T002_20130316085201.fits,C:\Users\aarus\Desktop\solar-flare-warning-system\data\full_resolution_real\suit_AR-11698_T003_20130316101201.fits,C:\Users\aarus\Desktop\solar-flare-warning-system\data\full_resolution_real\suit_AR-11698_T000_20130317131701.fits,C:\Users\aarus\Desktop\solar-flare-warning-system\data\full_resolution_real\suit_AR-11698_T001_20130317201701.fits,2013-03-18T20:17:01+00:00,2013-03-19T20:17:01+00:00,0,1,-5.296
SEQ_AR-11698_201303172347,AR-11698,2013-03-17T23:47:01+00:00,C:\Users\aarus\Desktop\solar-flare-warning-system\data\full_resolution_real\suit_AR-11698_T003_20130316101201.fits,C:\Users\aarus\Desktop\solar-flare-warning-system\data\full_resolution_real\suit_AR-11698_T000_20130317131701.fits,C:\Users\aarus\Desktop\solar-flare-warning-system\data\full_resolution_real\suit_AR-11698_T001_20130317201701.fits,C:\Users\aarus\Desktop\solar-flare-warning-system\data\full_resolution_real\suit_AR-11698_T002_20130317234701.fits,2013-03-18T23:47:01+00:00,2013-03-19T23:47:01+00:00,0,1,-5.296
SEQ_AR-11698_201303180107,AR-11698,2013-03-18T01:07:01+00:00,C:\Users\aarus\Desktop\solar-flare-warning-system\data\full_resolution_real\suit_AR-11698_T000_20130317131701.fits,C:\Users\aarus\Desktop\solar-flare-warning-system\data\full_resolution_real\suit_AR-11698_T001_20130317201701.fits,C:\Users\aarus\Desktop\solar-flare-warning-system\data\full_resolution_real\suit_AR-11698_T002_20130317234701.fits,C:\Users\aarus\Desktop\solar-flare-warning-system\data\full_resolution_real\suit_AR-11698_T003_20130318010701.fits,2013-03-19T01:07:01+00:00,2013-03-20T01:07:01+00:00,0,1,-5.296
SEQ_AR-11703_201303232216,AR-11703,2013-03-23T22:16:01+00:00,C:\Users\aarus\Desktop\solar-flare-warning-system\data\full_resolution_real\suit_AR-11703_T000_20130323102601.fits,C:\Users\aarus\Desktop\solar-flare-warning-system\data\full_resolution_real\suit_AR-11703_T001_20130323172601.fits,C:\Users\aarus\Desktop\solar-flare-warning-system\data\full_resolution_real\suit_AR-11703_T002_20130323205601.fits,C:\Users\aarus\Desktop\solar-flare-warning-system\data\full_resolution_real\suit_AR-11703_T003_20130323221601.fits,2013-03-24T22:16:01+00:00,2013-03-25T22:16:01+00:00,0,0,-6.5315
SEQ_AR-11710_201304052349,AR-11710,2013-04-05T23:49:59+00:00,C:\Users\aarus\Desktop\solar-flare-warning-system\data\full_resolution_real\suit_AR-11710_T000_20130405115959.fits,C:\Users\aarus\Desktop\solar-flare-warning-system\data\full_resolution_real\suit_AR-11710_T001_20130405185959.fits,C:\Users\aarus\Desktop\solar-flare-warning-system\data\full_resolution_real\suit_AR-11710_T002_20130405222959.fits,C:\Users\aarus\Desktop\solar-flare-warning-system\data\full_resolution_real\suit_AR-11710_T003_20130405234959.fits,2013-04-06T23:49:59+00:00,2013-04-07T23:49:59+00:00,0,0,-8.0
SEQ_AR-11713_201304072338,AR-11713,2013-04-07T23:38:01+00:00,C:\Users\aarus\Desktop\solar-flare-warning-system\data\full_resolution_real\suit_AR-11713_T000_20130407114801.fits,C:\Users\aarus\Desktop\solar-flare-warning-system\data\full_resolution_real\suit_AR-11713_T001_20130407184801.fits,C:\Users\aarus\Desktop\solar-flare-warning-system\data\full_resolution_real\suit_AR-11713_T002_20130407221801.fits,C:\Users\aarus\Desktop\solar-flare-warning-system\data\full_resolution_real\suit_AR-11713_T003_20130407233801.fits,2013-04-08T23:38:01+00:00,2013-04-09T23:38:01+00:00,0,1,-5.7533
SEQ_AR-11714_201304122214,AR-11714,2013-04-12T22:14:14+00:00,C:\Users\aarus\Desktop\solar-flare-warning-system\data\full_resolution_real\suit_AR-11714_T000_20130412102414.fits,C:\Users\aarus\Desktop\solar-flare-warning-system\data\full_resolution_real\suit_AR-11714_T001_20130412172414.fits,C:\Users\aarus\Desktop\solar-flare-warning-system\data\full_resolution_real\suit_AR-11714_T002_20130412205414.fits,C:\Users\aarus\Desktop\solar-flare-warning-system\data\full_resolution_real\suit_AR-11714_T003_20130412221414.fits,2013-04-13T22:14:14+00:00,2013-04-14T22:14:14+00:00,0,0,-8.0
SEQ_AR-11718_201304150915,AR-11718,2013-04-15T09:15:00+00:00,C:\Users\aarus\Desktop\solar-flare-warning-system\data\full_resolution_real\suit_AR-11718_T000_20130414212500.fits,C:\Users\aarus\Desktop\solar-flare-warning-system\data\full_resolution_real\suit_AR-11718_T001_20130415042500.fits,C:\Users\aarus\Desktop\solar-flare-warning-system\data\full_resolution_real\suit_AR-11718_T002_20130415075500.fits,C:\Users\aarus\Desktop\solar-flare-warning-system\data\full_resolution_real\suit_AR-11718_T003_20130415091500.fits,2013-04-16T09:15:00+00:00,2013-04-17T09:15:00+00:00,0,1,-5.888
SEQ_AR-11720_201304081150,AR-11720,2013-04-08T11:50:00+00:00,C:\Users\aarus\Desktop\solar-flare-warning-system\data\full_resolution_real\suit_AR-11720_T000_20130408000000.fits,C:\Users\aarus\Desktop\solar-flare-warning-system\data\full_resolution_real\suit_AR-11720_T001_20130408070000.fits,C:\Users\aarus\Desktop\solar-flare-warning-system\data\full_resolution_real\suit_AR-11720_T002_20130408103000.fits,C:\Users\aarus\Desktop\solar-flare-warning-system\data\full_resolution_real\suit_AR-11720_T003_20130408115000.fits,2013-04-09T11:50:00+00:00,2013-04-10T11:50:00+00:00,0,0,-8.0
SEQ_AR-11723_201304170727,AR-11723,2013-04-17T07:27:00+00:00,C:\Users\aarus\Desktop\solar-flare-warning-system\data\full_resolution_real\suit_AR-11723_T000_20130416193700.fits,C:\Users\aarus\Desktop\solar-flare-warning-system\data\full_resolution_real\suit_AR-11723_T001_20130417023700.fits,C:\Users\aarus\Desktop\solar-flare-warning-system\data\full_resolution_real\suit_AR-11723_T002_20130417060700.fits,C:\Users\aarus\Desktop\solar-flare-warning-system\data\full_resolution_real\suit_AR-11723_T003_20130417072700.fits,2013-04-18T07:27:00+00:00,2013-04-19T07:27:00+00:00,0,0,-8.0
SEQ_AR-11728_201304261330,AR-11728,2013-04-26T13:30:50+00:00,C:\Users\aarus\Desktop\solar-flare-warning-system\data\full_resolution_real\suit_AR-11728_T000_20130426014050.fits,C:\Users\aarus\Desktop\solar-flare-warning-system\data\full_resolution_real\suit_AR-11728_T001_20130426084050.fits,C:\Users\aarus\Desktop\solar-flare-warning-system\data\full_resolution_real\suit_AR-11728_T002_20130426121050.fits,C:\Users\aarus\Desktop\solar-flare-warning-system\data\full_resolution_real\suit_AR-11728_T003_20130426133050.fits,2013-04-27T13:30:50+00:00,2013-04-28T13:30:50+00:00,0,0,-8.0
SEQ_AR-11729_201304260732,AR-11729,2013-04-26T07:32:49+00:00,C:\Users\aarus\Desktop\solar-flare-warning-system\data\full_resolution_real\suit_AR-11729_T000_20130425194249.fits,C:\Users\aarus\Desktop\solar-flare-warning-system\data\full_resolution_real\suit_AR-11729_T001_20130426024249.fits,C:\Users\aarus\Desktop\solar-flare-warning-system\data\full_resolution_real\suit_AR-11729_T002_20130426061249.fits,C:\Users\aarus\Desktop\solar-flare-warning-system\data\full_resolution_real\suit_AR-11729_T003_20130426073249.fits,2013-04-27T07:32:49+00:00,2013-04-28T07:32:49+00:00,0,0,-8.0
SEQ_AR-11731_201305051345,AR-11731,2013-05-05T13:45:00+00:00,C:\Users\aarus\Desktop\solar-flare-warning-system\data\full_resolution_real\suit_AR-11731_T000_20130505015500.fits,C:\Users\aarus\Desktop\solar-flare-warning-system\data\full_resolution_real\suit_AR-11731_T001_20130505085500.fits,C:\Users\aarus\Desktop\solar-flare-warning-system\data\full_resolution_real\suit_AR-11731_T002_20130505122500.fits,C:\Users\aarus\Desktop\solar-flare-warning-system\data\full_resolution_real\suit_AR-11731_T003_20130505134500.fits,2013-05-06T13:45:00+00:00,2013-05-07T13:45:00+00:00,0,1,-5.888
SEQ_AR-11732_201304281150,AR-11732,2013-04-28T11:50:00+00:00,C:\Users\aarus\Desktop\solar-flare-warning-system\data\full_resolution_real\suit_AR-11732_T000_20130428000000.fits,C:\Users\aarus\Desktop\solar-flare-warning-system\data\full_resolution_real\suit_AR-11732_T001_20130428070000.fits,C:\Users\aarus\Desktop\solar-flare-warning-system\data\full_resolution_real\suit_AR-11732_T002_20130428103000.fits,C:\Users\aarus\Desktop\solar-flare-warning-system\data\full_resolution_real\suit_AR-11732_T003_20130428115000.fits,2013-04-29T11:50:00+00:00,2013-04-30T11:50:00+00:00,0,1,-5.4523
SEQ_AR-11734_201305011956,AR-11734,2013-05-01T19:56:00+00:00,C:\Users\aarus\Desktop\solar-flare-warning-system\data\full_resolution_real\suit_AR-11734_T000_20130501075600.fits,C:\Users\aarus\Desktop\solar-flare-warning-system\data\full_resolution_real\suit_AR-11734_T001_20130501150600.fits,C:\Users\aarus\Desktop\solar-flare-warning-system\data\full_resolution_real\suit_AR-11734_T002_20130501183600.fits,C:\Users\aarus\Desktop\solar-flare-warning-system\data\full_resolution_real\suit_AR-11734_T003_20130501195600.fits,2013-05-02T19:56:00+00:00,2013-05-03T19:56:00+00:00,0,1,-5.7833
SEQ_AR-11736_201305041025,AR-11736,2013-05-04T10:25:59+00:00,C:\Users\aarus\Desktop\solar-flare-warning-system\data\full_resolution_real\suit_AR-11736_T000_20130503223559.fits,C:\Users\aarus\Desktop\solar-flare-warning-system\data\full_resolution_real\suit_AR-11736_T001_20130504053559.fits,C:\Users\aarus\Desktop\solar-flare-warning-system\data\full_resolution_real\suit_AR-11736_T002_20130504090559.fits,C:\Users\aarus\Desktop\solar-flare-warning-system\data\full_resolution_real\suit_AR-11736_T003_20130504102559.fits,2013-05-05T10:25:59+00:00,2013-05-06T10:25:59+00:00,0,0,-8.0
SEQ_AR-11740_201305101648,AR-11740,2013-05-10T16:48:54+00:00,C:\Users\aarus\Desktop\solar-flare-warning-system\data\full_resolution_real\suit_AR-11740_T000_20130510045854.fits,C:\Users\aarus\Desktop\solar-flare-warning-system\data\full_resolution_real\suit_AR-11740_T001_20130510115854.fits,C:\Users\aarus\Desktop\solar-flare-warning-system\data\full_resolution_real\suit_AR-11740_T002_20130510152854.fits,C:\Users\aarus\Desktop\solar-flare-warning-system\data\full_resolution_real\suit_AR-11740_T003_20130510164854.fits,2013-05-11T16:48:54+00:00,2013-05-12T16:48:54+00:00,0,0,-8.0
SEQ_AR-11744_201305151207,AR-11744,2013-05-15T12:07:01+00:00,C:\Users\aarus\Desktop\solar-flare-warning-system\data\full_resolution_real\suit_AR-11744_T000_20130515001701.fits,C:\Users\aarus\Desktop\solar-flare-warning-system\data\full_resolution_real\suit_AR-11744_T001_20130515071701.fits,C:\Users\aarus\Desktop\solar-flare-warning-system\data\full_resolution_real\suit_AR-11744_T002_20130515104701.fits,C:\Users\aarus\Desktop\solar-flare-warning-system\data\full_resolution_real\suit_AR-11744_T003_20130515120701.fits,2013-05-16T12:07:01+00:00,2013-05-17T12:07:01+00:00,0,1,-5.8502
SEQ_AR-11744_201305201150,AR-11744,2013-05-20T11:50:00+00:00,C:\Users\aarus\Desktop\solar-flare-warning-system\data\full_resolution_real\suit_AR-11744_T001_20130515071701.fits,C:\Users\aarus\Desktop\solar-flare-warning-system\data\full_resolution_real\suit_AR-11744_T002_20130515104701.fits,C:\Users\aarus\Desktop\solar-flare-warning-system\data\full_resolution_real\suit_AR-11744_T003_20130515120701.fits,C:\Users\aarus\Desktop\solar-flare-warning-system\data\full_resolution_real\suit_AR-11744_T000_20130520115000.fits,2013-05-21T11:50:00+00:00,2013-05-22T11:50:00+00:00,0,0,-8.0
SEQ_AR-11744_201305201900,AR-11744,2013-05-20T19:00:00+00:00,C:\Users\aarus\Desktop\solar-flare-warning-system\data\full_resolution_real\suit_AR-11744_T002_20130515104701.fits,C:\Users\aarus\Desktop\solar-flare-warning-system\data\full_resolution_real\suit_AR-11744_T003_20130515120701.fits,C:\Users\aarus\Desktop\solar-flare-warning-system\data\full_resolution_real\suit_AR-11744_T000_20130520115000.fits,C:\Users\aarus\Desktop\solar-flare-warning-system\data\full_resolution_real\suit_AR-11744_T001_20130520190000.fits,2013-05-21T19:00:00+00:00,2013-05-22T19:00:00+00:00,0,0,-8.0
SEQ_AR-11744_201305202230,AR-11744,2013-05-20T22:30:00+00:00,C:\Users\aarus\Desktop\solar-flare-warning-system\data\full_resolution_real\suit_AR-11744_T003_20130515120701.fits,C:\Users\aarus\Desktop\solar-flare-warning-system\data\full_resolution_real\suit_AR-11744_T000_20130520115000.fits,C:\Users\aarus\Desktop\solar-flare-warning-system\data\full_resolution_real\suit_AR-11744_T001_20130520190000.fits,C:\Users\aarus\Desktop\solar-flare-warning-system\data\full_resolution_real\suit_AR-11744_T002_20130520223000.fits,2013-05-21T22:30:00+00:00,2013-05-22T22:30:00+00:00,0,0,-8.0
SEQ_AR-11744_201305202350,AR-11744,2013-05-20T23:50:00+00:00,C:\Users\aarus\Desktop\solar-flare-warning-system\data\full_resolution_real\suit_AR-11744_T000_20130520115000.fits,C:\Users\aarus\Desktop\solar-flare-warning-system\data\full_resolution_real\suit_AR-11744_T001_20130520190000.fits,C:\Users\aarus\Desktop\solar-flare-warning-system\data\full_resolution_real\suit_AR-11744_T002_20130520223000.fits,C:\Users\aarus\Desktop\solar-flare-warning-system\data\full_resolution_real\suit_AR-11744_T003_20130520235000.fits,2013-05-21T23:50:00+00:00,2013-05-22T23:50:00+00:00,0,0,-8.0
SEQ_AR-11748_201305191808,AR-11748,2013-05-19T18:08:00+00:00,C:\Users\aarus\Desktop\solar-flare-warning-system\data\full_resolution_real\suit_AR-11748_T000_20130519061800.fits,C:\Users\aarus\Desktop\solar-flare-warning-system\data\full_resolution_real\suit_AR-11748_T001_20130519131800.fits,C:\Users\aarus\Desktop\solar-flare-warning-system\data\full_resolution_real\suit_AR-11748_T002_20130519164800.fits,C:\Users\aarus\Desktop\solar-flare-warning-system\data\full_resolution_real\suit_AR-11748_T003_20130519180800.fits,2013-05-20T18:08:00+00:00,2013-05-21T18:08:00+00:00,1,2,-4.9471
SEQ_AR-11755_201305241039,AR-11755,2013-05-24T10:39:01+00:00,C:\Users\aarus\Desktop\solar-flare-warning-system\data\full_resolution_real\suit_AR-11755_T000_20130523224901.fits,C:\Users\aarus\Desktop\solar-flare-warning-system\data\full_resolution_real\suit_AR-11755_T001_20130524054901.fits,C:\Users\aarus\Desktop\solar-flare-warning-system\data\full_resolution_real\suit_AR-11755_T002_20130524091901.fits,C:\Users\aarus\Desktop\solar-flare-warning-system\data\full_resolution_real\suit_AR-11755_T003_20130524103901.fits,2013-05-25T10:39:01+00:00,2013-05-26T10:39:01+00:00,0,1,-5.6072
SEQ_AR-11756_201305231440,AR-11756,2013-05-23T14:40:00+00:00,C:\Users\aarus\Desktop\solar-flare-warning-system\data\full_resolution_real\suit_AR-11756_T000_20130523025000.fits,C:\Users\aarus\Desktop\solar-flare-warning-system\data\full_resolution_real\suit_AR-11756_T001_20130523095000.fits,C:\Users\aarus\Desktop\solar-flare-warning-system\data\full_resolution_real\suit_AR-11756_T002_20130523132000.fits,C:\Users\aarus\Desktop\solar-flare-warning-system\data\full_resolution_real\suit_AR-11756_T003_20130523144000.fits,2013-05-24T14:40:00+00:00,2013-05-25T14:40:00+00:00,0,1,-5.3384
SEQ_AR-11762_201306050847,AR-11762,2013-06-05T08:47:00+00:00,C:\Users\aarus\Desktop\solar-flare-warning-system\data\full_resolution_real\suit_AR-11762_T000_20130604205700.fits,C:\Users\aarus\Desktop\solar-flare-warning-system\data\full_resolution_real\suit_AR-11762_T001_20130605035700.fits,C:\Users\aarus\Desktop\solar-flare-warning-system\data\full_resolution_real\suit_AR-11762_T002_20130605072700.fits,C:\Users\aarus\Desktop\solar-flare-warning-system\data\full_resolution_real\suit_AR-11762_T003_20130605084700.fits,2013-06-06T08:47:00+00:00,2013-06-07T08:47:00+00:00,1,2,-4.8155
SEQ_AR-11762_201306052351,AR-11762,2013-06-05T23:51:01+00:00,C:\Users\aarus\Desktop\solar-flare-warning-system\data\full_resolution_real\suit_AR-11762_T001_20130605035700.fits,C:\Users\aarus\Desktop\solar-flare-warning-system\data\full_resolution_real\suit_AR-11762_T002_20130605072700.fits,C:\Users\aarus\Desktop\solar-flare-warning-system\data\full_resolution_real\suit_AR-11762_T003_20130605084700.fits,C:\Users\aarus\Desktop\solar-flare-warning-system\data\full_resolution_real\suit_AR-11762_T000_20130605235101.fits,2013-06-06T23:51:01+00:00,2013-06-07T23:51:01+00:00,0,1,-5.4523
SEQ_AR-11762_201306060651,AR-11762,2013-06-06T06:51:01+00:00,C:\Users\aarus\Desktop\solar-flare-warning-system\data\full_resolution_real\suit_AR-11762_T002_20130605072700.fits,C:\Users\aarus\Desktop\solar-flare-warning-system\data\full_resolution_real\suit_AR-11762_T003_20130605084700.fits,C:\Users\aarus\Desktop\solar-flare-warning-system\data\full_resolution_real\suit_AR-11762_T000_20130605235101.fits,C:\Users\aarus\Desktop\solar-flare-warning-system\data\full_resolution_real\suit_AR-11762_T001_20130606065101.fits,2013-06-07T06:51:01+00:00,2013-06-08T06:51:01+00:00,0,1,-5.4523
SEQ_AR-11762_201306061021,AR-11762,2013-06-06T10:21:01+00:00,C:\Users\aarus\Desktop\solar-flare-warning-system\data\full_resolution_real\suit_AR-11762_T003_20130605084700.fits,C:\Users\aarus\Desktop\solar-flare-warning-system\data\full_resolution_real\suit_AR-11762_T000_20130605235101.fits,C:\Users\aarus\Desktop\solar-flare-warning-system\data\full_resolution_real\suit_AR-11762_T001_20130606065101.fits,C:\Users\aarus\Desktop\solar-flare-warning-system\data\full_resolution_real\suit_AR-11762_T002_20130606102101.fits,2013-06-07T10:21:01+00:00,2013-06-08T10:21:01+00:00,0,1,-5.4523
SEQ_AR-11762_201306061141,AR-11762,2013-06-06T11:41:01+00:00,C:\Users\aarus\Desktop\solar-flare-warning-system\data\full_resolution_real\suit_AR-11762_T000_20130605235101.fits,C:\Users\aarus\Desktop\solar-flare-warning-system\data\full_resolution_real\suit_AR-11762_T001_20130606065101.fits,C:\Users\aarus\Desktop\solar-flare-warning-system\data\full_resolution_real\suit_AR-11762_T002_20130606102101.fits,C:\Users\aarus\Desktop\solar-flare-warning-system\data\full_resolution_real\suit_AR-11762_T003_20130606114101.fits,2013-06-07T11:41:01+00:00,2013-06-08T11:41:01+00:00,0,1,-5.4523
SEQ_AR-11762_201306071049,AR-11762,2013-06-07T10:49:00+00:00,C:\Users\aarus\Desktop\solar-flare-warning-system\data\full_resolution_real\suit_AR-11762_T001_20130606065101.fits,C:\Users\aarus\Desktop\solar-flare-warning-system\data\full_resolution_real\suit_AR-11762_T002_20130606102101.fits,C:\Users\aarus\Desktop\solar-flare-warning-system\data\full_resolution_real\suit_AR-11762_T003_20130606114101.fits,C:\Users\aarus\Desktop\solar-flare-warning-system\data\full_resolution_real\suit_AR-11762_T000_20130607104900.fits,2013-06-08T10:49:00+00:00,2013-06-09T10:49:00+00:00,1,2,-4.1586
SEQ_AR-11762_201306071749,AR-11762,2013-06-07T17:49:00+00:00,C:\Users\aarus\Desktop\solar-flare-warning-system\data\full_resolution_real\suit_AR-11762_T002_20130606102101.fits,C:\Users\aarus\Desktop\solar-flare-warning-system\data\full_resolution_real\suit_AR-11762_T003_20130606114101.fits,C:\Users\aarus\Desktop\solar-flare-warning-system\data\full_resolution_real\suit_AR-11762_T000_20130607104900.fits,C:\Users\aarus\Desktop\solar-flare-warning-system\data\full_resolution_real\suit_AR-11762_T001_20130607174900.fits,2013-06-08T17:49:00+00:00,2013-06-09T17:49:00+00:00,1,2,-4.1586
SEQ_AR-11762_201306072119,AR-11762,2013-06-07T21:19:00+00:00,C:\Users\aarus\Desktop\solar-flare-warning-system\data\full_resolution_real\suit_AR-11762_T003_20130606114101.fits,C:\Users\aarus\Desktop\solar-flare-warning-system\data\full_resolution_real\suit_AR-11762_T000_20130607104900.fits,C:\Users\aarus\Desktop\solar-flare-warning-system\data\full_resolution_real\suit_AR-11762_T001_20130607174900.fits,C:\Users\aarus\Desktop\solar-flare-warning-system\data\full_resolution_real\suit_AR-11762_T002_20130607211900.fits,2013-06-08T21:19:00+00:00,2013-06-09T21:19:00+00:00,1,2,-4.1586
SEQ_AR-11762_201306072239,AR-11762,2013-06-07T22:39:00+00:00,C:\Users\aarus\Desktop\solar-flare-warning-system\data\full_resolution_real\suit_AR-11762_T000_20130607104900.fits,C:\Users\aarus\Desktop\solar-flare-warning-system\data\full_resolution_real\suit_AR-11762_T001_20130607174900.fits,C:\Users\aarus\Desktop\solar-flare-warning-system\data\full_resolution_real\suit_AR-11762_T002_20130607211900.fits,C:\Users\aarus\Desktop\solar-flare-warning-system\data\full_resolution_real\suit_AR-11762_T003_20130607223900.fits,2013-06-08T22:39:00+00:00,2013-06-09T22:39:00+00:00,1,2,-4.1586
SEQ_AR-11770_201306222205,AR-11770,2013-06-22T22:05:51+00:00,C:\Users\aarus\Desktop\solar-flare-warning-system\data\full_resolution_real\suit_AR-11770_T000_20130622101551.fits,C:\Users\aarus\Desktop\solar-flare-warning-system\data\full_resolution_real\suit_AR-11770_T001_20130622171551.fits,C:\Users\aarus\Desktop\solar-flare-warning-system\data\full_resolution_real\suit_AR-11770_T002_20130622204551.fits,C:\Users\aarus\Desktop\solar-flare-warning-system\data\full_resolution_real\suit_AR-11770_T003_20130622220551.fits,2013-06-23T22:05:51+00:00,2013-06-24T22:05:51+00:00,0,0,-8.0
SEQ_AR-11773_201306211726,AR-11773,2013-06-21T17:26:01+00:00,C:\Users\aarus\Desktop\solar-flare-warning-system\data\full_resolution_real\suit_AR-11773_T000_20130621053601.fits,C:\Users\aarus\Desktop\solar-flare-warning-system\data\full_resolution_real\suit_AR-11773_T001_20130621123601.fits,C:\Users\aarus\Desktop\solar-flare-warning-system\data\full_resolution_real\suit_AR-11773_T002_20130621160601.fits,C:\Users\aarus\Desktop\solar-flare-warning-system\data\full_resolution_real\suit_AR-11773_T003_20130621172601.fits,2013-06-22T17:26:01+00:00,2013-06-23T17:26:01+00:00,0,1,-5.7533
SEQ_AR-11777_201307010732,AR-11777,2013-07-01T07:32:59+00:00,C:\Users\aarus\Desktop\solar-flare-warning-system\data\full_resolution_real\suit_AR-11777_T000_20130630194259.fits,C:\Users\aarus\Desktop\solar-flare-warning-system\data\full_resolution_real\suit_AR-11777_T001_20130701024259.fits,C:\Users\aarus\Desktop\solar-flare-warning-system\data\full_resolution_real\suit_AR-11777_T002_20130701061259.fits,C:\Users\aarus\Desktop\solar-flare-warning-system\data\full_resolution_real\suit_AR-11777_T003_20130701073259.fits,2013-07-02T07:32:59+00:00,2013-07-03T07:32:59+00:00,0,0,-8.0
SEQ_AR-11778_201306271118,AR-11778,2013-06-27T11:18:00+00:00,C:\Users\aarus\Desktop\solar-flare-warning-system\data\full_resolution_real\suit_AR-11778_T000_20130626232800.fits,C:\Users\aarus\Desktop\solar-flare-warning-system\data\full_resolution_real\suit_AR-11778_T001_20130627062800.fits,C:\Users\aarus\Desktop\solar-flare-warning-system\data\full_resolution_real\suit_AR-11778_T002_20130627095800.fits,C:\Users\aarus\Desktop\solar-flare-warning-system\data\full_resolution_real\suit_AR-11778_T003_20130627111800.fits,2013-06-28T11:18:00+00:00,2013-06-29T11:18:00+00:00,0,1,-5.0661
SEQ_AR-11780_201306291507,AR-11780,2013-06-29T15:07:01+00:00,C:\Users\aarus\Desktop\solar-flare-warning-system\data\full_resolution_real\suit_AR-11780_T000_20130629031701.fits,C:\Users\aarus\Desktop\solar-flare-warning-system\data\full_resolution_real\suit_AR-11780_T001_20130629101701.fits,C:\Users\aarus\Desktop\solar-flare-warning-system\data\full_resolution_real\suit_AR-11780_T002_20130629134701.fits,C:\Users\aarus\Desktop\solar-flare-warning-system\data\full_resolution_real\suit_AR-11780_T003_20130629150701.fits,2013-06-30T15:07:01+00:00,2013-07-01T15:07:01+00:00,0,1,-5.4981
SEQ_AR-11780_201306300318,AR-11780,2013-06-30T03:18:33+00:00,C:\Users\aarus\Desktop\solar-flare-warning-system\data\full_resolution_real\suit_AR-11780_T001_20130629101701.fits,C:\Users\aarus\Desktop\solar-flare-warning-system\data\full_resolution_real\suit_AR-11780_T002_20130629134701.fits,C:\Users\aarus\Desktop\solar-flare-warning-system\data\full_resolution_real\suit_AR-11780_T003_20130629150701.fits,C:\Users\aarus\Desktop\solar-flare-warning-system\data\full_resolution_real\suit_AR-11780_T000_20130630031833.fits,2013-07-01T03:18:33+00:00,2013-07-02T03:18:33+00:00,0,1,-5.6284
SEQ_AR-11780_201306301018,AR-11780,2013-06-30T10:18:33+00:00,C:\Users\aarus\Desktop\solar-flare-warning-system\data\full_resolution_real\suit_AR-11780_T002_20130629134701.fits,C:\Users\aarus\Desktop\solar-flare-warning-system\data\full_resolution_real\suit_AR-11780_T003_20130629150701.fits,C:\Users\aarus\Desktop\solar-flare-warning-system\data\full_resolution_real\suit_AR-11780_T000_20130630031833.fits,C:\Users\aarus\Desktop\solar-flare-warning-system\data\full_resolution_real\suit_AR-11780_T001_20130630101833.fits,2013-07-01T10:18:33+00:00,2013-07-02T10:18:33+00:00,0,1,-5.6284
SEQ_AR-11780_201306301348,AR-11780,2013-06-30T13:48:33+00:00,C:\Users\aarus\Desktop\solar-flare-warning-system\data\full_resolution_real\suit_AR-11780_T003_20130629150701.fits,C:\Users\aarus\Desktop\solar-flare-warning-system\data\full_resolution_real\suit_AR-11780_T000_20130630031833.fits,C:\Users\aarus\Desktop\solar-flare-warning-system\data\full_resolution_real\suit_AR-11780_T001_20130630101833.fits,C:\Users\aarus\Desktop\solar-flare-warning-system\data\full_resolution_real\suit_AR-11780_T002_20130630134833.fits,2013-07-01T13:48:33+00:00,2013-07-02T13:48:33+00:00,0,1,-5.6284
SEQ_AR-11780_201306301508,AR-11780,2013-06-30T15:08:33+00:00,C:\Users\aarus\Desktop\solar-flare-warning-system\data\full_resolution_real\suit_AR-11780_T000_20130630031833.fits,C:\Users\aarus\Desktop\solar-flare-warning-system\data\full_resolution_real\suit_AR-11780_T001_20130630101833.fits,C:\Users\aarus\Desktop\solar-flare-warning-system\data\full_resolution_real\suit_AR-11780_T002_20130630134833.fits,C:\Users\aarus\Desktop\solar-flare-warning-system\data\full_resolution_real\suit_AR-11780_T003_20130630150833.fits,2013-07-01T15:08:33+00:00,2013-07-02T15:08:33+00:00,0,1,-5.6284
SEQ_AR-11794_201307151150,AR-11794,2013-07-15T11:50:00+00:00,C:\Users\aarus\Desktop\solar-flare-warning-system\data\full_resolution_real\suit_AR-11794_T000_20130715000000.fits,C:\Users\aarus\Desktop\solar-flare-warning-system\data\full_resolution_real\suit_AR-11794_T001_20130715070000.fits,C:\Users\aarus\Desktop\solar-flare-warning-system\data\full_resolution_real\suit_AR-11794_T002_20130715103000.fits,C:\Users\aarus\Desktop\solar-flare-warning-system\data\full_resolution_real\suit_AR-11794_T003_20130715115000.fits,2013-07-16T11:50:00+00:00,2013-07-17T11:50:00+00:00,0,0,-8.0
SEQ_AR-11806_201307311105,AR-11806,2013-07-31T11:05:00+00:00,C:\Users\aarus\Desktop\solar-flare-warning-system\data\full_resolution_real\suit_AR-11806_T000_20130730231500.fits,C:\Users\aarus\Desktop\solar-flare-warning-system\data\full_resolution_real\suit_AR-11806_T001_20130731061500.fits,C:\Users\aarus\Desktop\solar-flare-warning-system\data\full_resolution_real\suit_AR-11806_T002_20130731094500.fits,C:\Users\aarus\Desktop\solar-flare-warning-system\data\full_resolution_real\suit_AR-11806_T003_20130731110500.fits,2013-08-01T11:05:00+00:00,2013-08-02T11:05:00+00:00,0,0,-8.0
SEQ_AR-11814_201308132349,AR-11814,2013-08-13T23:49:59+00:00,C:\Users\aarus\Desktop\solar-flare-warning-system\data\full_resolution_real\suit_AR-11814_T000_20130813115959.fits,C:\Users\aarus\Desktop\solar-flare-warning-system\data\full_resolution_real\suit_AR-11814_T001_20130813185959.fits,C:\Users\aarus\Desktop\solar-flare-warning-system\data\full_resolution_real\suit_AR-11814_T002_20130813222959.fits,C:\Users\aarus\Desktop\solar-flare-warning-system\data\full_resolution_real\suit_AR-11814_T003_20130813234959.fits,2013-08-14T23:49:59+00:00,2013-08-15T23:49:59+00:00,0,0,-8.0
SEQ_AR-11818_201308141746,AR-11818,2013-08-14T17:46:01+00:00,C:\Users\aarus\Desktop\solar-flare-warning-system\data\full_resolution_real\suit_AR-11818_T000_20130814055601.fits,C:\Users\aarus\Desktop\solar-flare-warning-system\data\full_resolution_real\suit_AR-11818_T001_20130814125601.fits,C:\Users\aarus\Desktop\solar-flare-warning-system\data\full_resolution_real\suit_AR-11818_T002_20130814162601.fits,C:\Users\aarus\Desktop\solar-flare-warning-system\data\full_resolution_real\suit_AR-11818_T003_20130814174601.fits,2013-08-15T17:46:01+00:00,2013-08-16T17:46:01+00:00,0,1,-5.6072
SEQ_AR-11820_201308220505,AR-11820,2013-08-22T05:05:00+00:00,C:\Users\aarus\Desktop\solar-flare-warning-system\data\full_resolution_real\suit_AR-11820_T000_20130821171500.fits,C:\Users\aarus\Desktop\solar-flare-warning-system\data\full_resolution_real\suit_AR-11820_T001_20130822001500.fits,C:\Users\aarus\Desktop\solar-flare-warning-system\data\full_resolution_real\suit_AR-11820_T002_20130822034500.fits,C:\Users\aarus\Desktop\solar-flare-warning-system\data\full_resolution_real\suit_AR-11820_T003_20130822050500.fits,2013-08-23T05:05:00+00:00,2013-08-24T05:05:00+00:00,0,1,-5.6507
SEQ_AR-11823_201308230602,AR-11823,2013-08-23T06:02:50+00:00,C:\Users\aarus\Desktop\solar-flare-warning-system\data\full_resolution_real\suit_AR-11823_T000_20130822181250.fits,C:\Users\aarus\Desktop\solar-flare-warning-system\data\full_resolution_real\suit_AR-11823_T001_20130823011250.fits,C:\Users\aarus\Desktop\solar-flare-warning-system\data\full_resolution_real\suit_AR-11823_T002_20130823044250.fits,C:\Users\aarus\Desktop\solar-flare-warning-system\data\full_resolution_real\suit_AR-11823_T003_20130823060250.fits,2013-08-24T06:02:50+00:00,2013-08-25T06:02:50+00:00,0,0,-8.0
SEQ_AR-11824_201308212319,AR-11824,2013-08-21T23:19:00+00:00,C:\Users\aarus\Desktop\solar-flare-warning-system\data\full_resolution_real\suit_AR-11824_T000_20130821112900.fits,C:\Users\aarus\Desktop\solar-flare-warning-system\data\full_resolution_real\suit_AR-11824_T001_20130821182900.fits,C:\Users\aarus\Desktop\solar-flare-warning-system\data\full_resolution_real\suit_AR-11824_T002_20130821215900.fits,C:\Users\aarus\Desktop\solar-flare-warning-system\data\full_resolution_real\suit_AR-11824_T003_20130821231900.fits,2013-08-22T23:19:00+00:00,2013-08-23T23:19:00+00:00,0,1,-5.9294
SEQ_AR-11828_201308251617,AR-11828,2013-08-25T16:17:53+00:00,C:\Users\aarus\Desktop\solar-flare-warning-system\data\full_resolution_real\suit_AR-11828_T000_20130825042753.fits,C:\Users\aarus\Desktop\solar-flare-warning-system\data\full_resolution_real\suit_AR-11828_T001_20130825112753.fits,C:\Users\aarus\Desktop\solar-flare-warning-system\data\full_resolution_real\suit_AR-11828_T002_20130825145753.fits,C:\Users\aarus\Desktop\solar-flare-warning-system\data\full_resolution_real\suit_AR-11828_T003_20130825161753.fits,2013-08-26T16:17:53+00:00,2013-08-27T16:17:53+00:00,0,0,-8.0
SEQ_AR-11831_201308240114,AR-11831,2013-08-24T01:14:09+00:00,C:\Users\aarus\Desktop\solar-flare-warning-system\data\full_resolution_real\suit_AR-11831_T000_20130823132409.fits,C:\Users\aarus\Desktop\solar-flare-warning-system\data\full_resolution_real\suit_AR-11831_T001_20130823202409.fits,C:\Users\aarus\Desktop\solar-flare-warning-system\data\full_resolution_real\suit_AR-11831_T002_20130823235409.fits,C:\Users\aarus\Desktop\solar-flare-warning-system\data\full_resolution_real\suit_AR-11831_T003_20130824011409.fits,2013-08-25T01:14:09+00:00,2013-08-26T01:14:09+00:00,0,0,-8.0
SEQ_AR-11834_201308260825,AR-11834,2013-08-26T08:25:01+00:00,C:\Users\aarus\Desktop\solar-flare-warning-system\data\full_resolution_real\suit_AR-11834_T000_20130825203501.fits,C:\Users\aarus\Desktop\solar-flare-warning-system\data\full_resolution_real\suit_AR-11834_T001_20130826033501.fits,C:\Users\aarus\Desktop\solar-flare-warning-system\data\full_resolution_real\suit_AR-11834_T002_20130826070501.fits,C:\Users\aarus\Desktop\solar-flare-warning-system\data\full_resolution_real\suit_AR-11834_T003_20130826082501.fits,2013-08-27T08:25:01+00:00,2013-08-28T08:25:01+00:00,0,0,-6.0429
SEQ_AR-11834_201308310220,AR-11834,2013-08-31T02:20:01+00:00,C:\Users\aarus\Desktop\solar-flare-warning-system\data\full_resolution_real\suit_AR-11834_T001_20130826033501.fits,C:\Users\aarus\Desktop\solar-flare-warning-system\data\full_resolution_real\suit_AR-11834_T002_20130826070501.fits,C:\Users\aarus\Desktop\solar-flare-warning-system\data\full_resolution_real\suit_AR-11834_T003_20130826082501.fits,C:\Users\aarus\Desktop\solar-flare-warning-system\data\full_resolution_real\suit_AR-11834_T000_20130831022001.fits,2013-09-01T02:20:01+00:00,2013-09-02T02:20:01+00:00,0,1,-5.699
SEQ_AR-11834_201308310920,AR-11834,2013-08-31T09:20:01+00:00,C:\Users\aarus\Desktop\solar-flare-warning-system\data\full_resolution_real\suit_AR-11834_T002_20130826070501.fits,C:\Users\aarus\Desktop\solar-flare-warning-system\data\full_resolution_real\suit_AR-11834_T003_20130826082501.fits,C:\Users\aarus\Desktop\solar-flare-warning-system\data\full_resolution_real\suit_AR-11834_T000_20130831022001.fits,C:\Users\aarus\Desktop\solar-flare-warning-system\data\full_resolution_real\suit_AR-11834_T001_20130831092001.fits,2013-09-01T09:20:01+00:00,2013-09-02T09:20:01+00:00,0,1,-5.699
SEQ_AR-11834_201308311250,AR-11834,2013-08-31T12:50:01+00:00,C:\Users\aarus\Desktop\solar-flare-warning-system\data\full_resolution_real\suit_AR-11834_T003_20130826082501.fits,C:\Users\aarus\Desktop\solar-flare-warning-system\data\full_resolution_real\suit_AR-11834_T000_20130831022001.fits,C:\Users\aarus\Desktop\solar-flare-warning-system\data\full_resolution_real\suit_AR-11834_T001_20130831092001.fits,C:\Users\aarus\Desktop\solar-flare-warning-system\data\full_resolution_real\suit_AR-11834_T002_20130831125001.fits,2013-09-01T12:50:01+00:00,2013-09-02T12:50:01+00:00,0,1,-5.699
SEQ_AR-11834_201308311410,AR-11834,2013-08-31T14:10:01+00:00,C:\Users\aarus\Desktop\solar-flare-warning-system\data\full_resolution_real\suit_AR-11834_T000_20130831022001.fits,C:\Users\aarus\Desktop\solar-flare-warning-system\data\full_resolution_real\suit_AR-11834_T001_20130831092001.fits,C:\Users\aarus\Desktop\solar-flare-warning-system\data\full_resolution_real\suit_AR-11834_T002_20130831125001.fits,C:\Users\aarus\Desktop\solar-flare-warning-system\data\full_resolution_real\suit_AR-11834_T003_20130831141001.fits,2013-09-01T14:10:01+00:00,2013-09-02T14:10:01+00:00,0,1,-5.699
SEQ_AR-11836_201308300930,AR-11836,2013-08-30T09:30:01+00:00,C:\Users\aarus\Desktop\solar-flare-warning-system\data\full_resolution_real\suit_AR-11836_T000_20130829214001.fits,C:\Users\aarus\Desktop\solar-flare-warning-system\data\full_resolution_real\suit_AR-11836_T001_20130830044001.fits,C:\Users\aarus\Desktop\solar-flare-warning-system\data\full_resolution_real\suit_AR-11836_T002_20130830081001.fits,C:\Users\aarus\Desktop\solar-flare-warning-system\data\full_resolution_real\suit_AR-11836_T003_20130830093001.fits,2013-08-31T09:30:01+00:00,2013-09-01T09:30:01+00:00,0,0,-6.0661
SEQ_AR-11836_201309040925,AR-11836,2013-09-04T09:25:00+00:00,C:\Users\aarus\Desktop\solar-flare-warning-system\data\full_resolution_real\suit_AR-11836_T001_20130830044001.fits,C:\Users\aarus\Desktop\solar-flare-warning-system\data\full_resolution_real\suit_AR-11836_T002_20130830081001.fits,C:\Users\aarus\Desktop\solar-flare-warning-system\data\full_resolution_real\suit_AR-11836_T003_20130830093001.fits,C:\Users\aarus\Desktop\solar-flare-warning-system\data\full_resolution_real\suit_AR-11836_T000_20130904092500.fits,2013-09-05T09:25:00+00:00,2013-09-06T09:25:00+00:00,0,1,-5.8155
SEQ_AR-11836_201309041635,AR-11836,2013-09-04T16:35:00+00:00,C:\Users\aarus\Desktop\solar-flare-warning-system\data\full_resolution_real\suit_AR-11836_T002_20130830081001.fits,C:\Users\aarus\Desktop\solar-flare-warning-system\data\full_resolution_real\suit_AR-11836_T003_20130830093001.fits,C:\Users\aarus\Desktop\solar-flare-warning-system\data\full_resolution_real\suit_AR-11836_T000_20130904092500.fits,C:\Users\aarus\Desktop\solar-flare-warning-system\data\full_resolution_real\suit_AR-11836_T001_20130904163500.fits,2013-09-05T16:35:00+00:00,2013-09-06T16:35:00+00:00,0,1,-5.8155
SEQ_AR-11836_201309042005,AR-11836,2013-09-04T20:05:00+00:00,C:\Users\aarus\Desktop\solar-flare-warning-system\data\full_resolution_real\suit_AR-11836_T003_20130830093001.fits,C:\Users\aarus\Desktop\solar-flare-warning-system\data\full_resolution_real\suit_AR-11836_T000_20130904092500.fits,C:\Users\aarus\Desktop\solar-flare-warning-system\data\full_resolution_real\suit_AR-11836_T001_20130904163500.fits,C:\Users\aarus\Desktop\solar-flare-warning-system\data\full_resolution_real\suit_AR-11836_T002_20130904200500.fits,2013-09-05T20:05:00+00:00,2013-09-06T20:05:00+00:00,0,1,-5.8155
SEQ_AR-11836_201309042125,AR-11836,2013-09-04T21:25:00+00:00,C:\Users\aarus\Desktop\solar-flare-warning-system\data\full_resolution_real\suit_AR-11836_T000_20130904092500.fits,C:\Users\aarus\Desktop\solar-flare-warning-system\data\full_resolution_real\suit_AR-11836_T001_20130904163500.fits,C:\Users\aarus\Desktop\solar-flare-warning-system\data\full_resolution_real\suit_AR-11836_T002_20130904200500.fits,C:\Users\aarus\Desktop\solar-flare-warning-system\data\full_resolution_real\suit_AR-11836_T003_20130904212500.fits,2013-09-05T21:25:00+00:00,2013-09-06T21:25:00+00:00,0,1,-5.8155
SEQ_AR-11836_201309080105,AR-11836,2013-09-08T01:05:00+00:00,C:\Users\aarus\Desktop\solar-flare-warning-system\data\full_resolution_real\suit_AR-11836_T001_20130904163500.fits,C:\Users\aarus\Desktop\solar-flare-warning-system\data\full_resolution_real\suit_AR-11836_T002_20130904200500.fits,C:\Users\aarus\Desktop\solar-flare-warning-system\data\full_resolution_real\suit_AR-11836_T003_20130904212500.fits,C:\Users\aarus\Desktop\solar-flare-warning-system\data\full_resolution_real\suit_AR-11836_T000_20130908010500.fits,2013-09-09T01:05:00+00:00,2013-09-10T01:05:00+00:00,0,0,-8.0
SEQ_AR-11836_201309080805,AR-11836,2013-09-08T08:05:00+00:00,C:\Users\aarus\Desktop\solar-flare-warning-system\data\full_resolution_real\suit_AR-11836_T002_20130904200500.fits,C:\Users\aarus\Desktop\solar-flare-warning-system\data\full_resolution_real\suit_AR-11836_T003_20130904212500.fits,C:\Users\aarus\Desktop\solar-flare-warning-system\data\full_resolution_real\suit_AR-11836_T000_20130908010500.fits,C:\Users\aarus\Desktop\solar-flare-warning-system\data\full_resolution_real\suit_AR-11836_T001_20130908080500.fits,2013-09-09T08:05:00+00:00,2013-09-10T08:05:00+00:00,0,0,-8.0
SEQ_AR-11836_201309081135,AR-11836,2013-09-08T11:35:00+00:00,C:\Users\aarus\Desktop\solar-flare-warning-system\data\full_resolution_real\suit_AR-11836_T003_20130904212500.fits,C:\Users\aarus\Desktop\solar-flare-warning-system\data\full_resolution_real\suit_AR-11836_T000_20130908010500.fits,C:\Users\aarus\Desktop\solar-flare-warning-system\data\full_resolution_real\suit_AR-11836_T001_20130908080500.fits,C:\Users\aarus\Desktop\solar-flare-warning-system\data\full_resolution_real\suit_AR-11836_T002_20130908113500.fits,2013-09-09T11:35:00+00:00,2013-09-10T11:35:00+00:00,0,0,-8.0
SEQ_AR-11836_201309081255,AR-11836,2013-09-08T12:55:00+00:00,C:\Users\aarus\Desktop\solar-flare-warning-system\data\full_resolution_real\suit_AR-11836_T000_20130908010500.fits,C:\Users\aarus\Desktop\solar-flare-warning-system\data\full_resolution_real\suit_AR-11836_T001_20130908080500.fits,C:\Users\aarus\Desktop\solar-flare-warning-system\data\full_resolution_real\suit_AR-11836_T002_20130908113500.fits,C:\Users\aarus\Desktop\solar-flare-warning-system\data\full_resolution_real\suit_AR-11836_T003_20130908125500.fits,2013-09-09T12:55:00+00:00,2013-09-10T12:55:00+00:00,0,0,-8.0
SEQ_AR-11842_201309132350,AR-11842,2013-09-13T23:50:00+00:00,C:\Users\aarus\Desktop\solar-flare-warning-system\data\full_resolution_real\suit_AR-11842_T000_20130913120000.fits,C:\Users\aarus\Desktop\solar-flare-warning-system\data\full_resolution_real\suit_AR-11842_T001_20130913190000.fits,C:\Users\aarus\Desktop\solar-flare-warning-system\data\full_resolution_real\suit_AR-11842_T002_20130913223000.fits,C:\Users\aarus\Desktop\solar-flare-warning-system\data\full_resolution_real\suit_AR-11842_T003_20130913235000.fits,2013-09-14T23:50:00+00:00,2013-09-15T23:50:00+00:00,0,0,-8.0
SEQ_AR-11849_201309241725,AR-11849,2013-09-24T17:25:59+00:00,C:\Users\aarus\Desktop\solar-flare-warning-system\data\full_resolution_real\suit_AR-11849_T000_20130924053559.fits,C:\Users\aarus\Desktop\solar-flare-warning-system\data\full_resolution_real\suit_AR-11849_T001_20130924123559.fits,C:\Users\aarus\Desktop\solar-flare-warning-system\data\full_resolution_real\suit_AR-11849_T002_20130924160559.fits,C:\Users\aarus\Desktop\solar-flare-warning-system\data\full_resolution_real\suit_AR-11849_T003_20130924172559.fits,2013-09-25T17:25:59+00:00,2013-09-26T17:25:59+00:00,0,0,-8.0
SEQ_AR-11857_201310031150,AR-11857,2013-10-03T11:50:00+00:00,C:\Users\aarus\Desktop\solar-flare-warning-system\data\full_resolution_real\suit_AR-11857_T000_20131003000000.fits,C:\Users\aarus\Desktop\solar-flare-warning-system\data\full_resolution_real\suit_AR-11857_T001_20131003070000.fits,C:\Users\aarus\Desktop\solar-flare-warning-system\data\full_resolution_real\suit_AR-11857_T002_20131003103000.fits,C:\Users\aarus\Desktop\solar-flare-warning-system\data\full_resolution_real\suit_AR-11857_T003_20131003115000.fits,2013-10-04T11:50:00+00:00,2013-10-05T11:50:00+00:00,0,1,-5.6741
SEQ_AR-11870_201310180300,AR-11870,2013-10-18T03:00:00+00:00,C:\Users\aarus\Desktop\solar-flare-warning-system\data\full_resolution_real\suit_AR-11870_T000_20131017151000.fits,C:\Users\aarus\Desktop\solar-flare-warning-system\data\full_resolution_real\suit_AR-11870_T001_20131017221000.fits,C:\Users\aarus\Desktop\solar-flare-warning-system\data\full_resolution_real\suit_AR-11870_T002_20131018014000.fits,C:\Users\aarus\Desktop\solar-flare-warning-system\data\full_resolution_real\suit_AR-11870_T003_20131018030000.fits,2013-10-19T03:00:00+00:00,2013-10-20T03:00:00+00:00,0,0,-8.0
SEQ_AR-11872_201310241255,AR-11872,2013-10-24T12:55:59+00:00,C:\Users\aarus\Desktop\solar-flare-warning-system\data\full_resolution_real\suit_AR-11872_T000_20131024010559.fits,C:\Users\aarus\Desktop\solar-flare-warning-system\data\full_resolution_real\suit_AR-11872_T001_20131024080559.fits,C:\Users\aarus\Desktop\solar-flare-warning-system\data\full_resolution_real\suit_AR-11872_T002_20131024113559.fits,C:\Users\aarus\Desktop\solar-flare-warning-system\data\full_resolution_real\suit_AR-11872_T003_20131024125559.fits,2013-10-25T12:55:59+00:00,2013-10-26T12:55:59+00:00,0,0,-8.0
SEQ_AR-11879_201310221150,AR-11879,2013-10-22T11:50:00+00:00,C:\Users\aarus\Desktop\solar-flare-warning-system\data\full_resolution_real\suit_AR-11879_T000_20131022000000.fits,C:\Users\aarus\Desktop\solar-flare-warning-system\data\full_resolution_real\suit_AR-11879_T001_20131022070000.fits,C:\Users\aarus\Desktop\solar-flare-warning-system\data\full_resolution_real\suit_AR-11879_T002_20131022103000.fits,C:\Users\aarus\Desktop\solar-flare-warning-system\data\full_resolution_real\suit_AR-11879_T003_20131022115000.fits,2013-10-23T11:50:00+00:00,2013-10-24T11:50:00+00:00,0,0,-8.0
SEQ_AR-11882_201310281459,AR-11882,2013-10-28T14:59:00+00:00,C:\Users\aarus\Desktop\solar-flare-warning-system\data\full_resolution_real\suit_AR-11882_T000_20131028025900.fits,C:\Users\aarus\Desktop\solar-flare-warning-system\data\full_resolution_real\suit_AR-11882_T001_20131028100900.fits,C:\Users\aarus\Desktop\solar-flare-warning-system\data\full_resolution_real\suit_AR-11882_T002_20131028133900.fits,C:\Users\aarus\Desktop\solar-flare-warning-system\data\full_resolution_real\suit_AR-11882_T003_20131028145900.fits,2013-10-29T14:59:00+00:00,2013-10-30T14:59:00+00:00,1,2,-4.286
SEQ_AR-11884_201310291536,AR-11884,2013-10-29T15:36:00+00:00,C:\Users\aarus\Desktop\solar-flare-warning-system\data\full_resolution_real\suit_AR-11884_T000_20131029034600.fits,C:\Users\aarus\Desktop\solar-flare-warning-system\data\full_resolution_real\suit_AR-11884_T001_20131029104600.fits,C:\Users\aarus\Desktop\solar-flare-warning-system\data\full_resolution_real\suit_AR-11884_T002_20131029141600.fits,C:\Users\aarus\Desktop\solar-flare-warning-system\data\full_resolution_real\suit_AR-11884_T003_20131029153600.fits,2013-10-30T15:36:00+00:00,2013-10-31T15:36:00+00:00,0,1,-5.7533
SEQ_AR-11884_201310301209,AR-11884,2013-10-30T12:09:01+00:00,C:\Users\aarus\Desktop\solar-flare-warning-system\data\full_resolution_real\suit_AR-11884_T001_20131029104600.fits,C:\Users\aarus\Desktop\solar-flare-warning-system\data\full_resolution_real\suit_AR-11884_T002_20131029141600.fits,C:\Users\aarus\Desktop\solar-flare-warning-system\data\full_resolution_real\suit_AR-11884_T003_20131029153600.fits,C:\Users\aarus\Desktop\solar-flare-warning-system\data\full_resolution_real\suit_AR-11884_T000_20131030120901.fits,2013-10-31T12:09:01+00:00,2013-11-01T12:09:01+00:00,0,1,-5.137
SEQ_AR-11884_201310301909,AR-11884,2013-10-30T19:09:01+00:00,C:\Users\aarus\Desktop\solar-flare-warning-system\data\full_resolution_real\suit_AR-11884_T002_20131029141600.fits,C:\Users\aarus\Desktop\solar-flare-warning-system\data\full_resolution_real\suit_AR-11884_T003_20131029153600.fits,C:\Users\aarus\Desktop\solar-flare-warning-system\data\full_resolution_real\suit_AR-11884_T000_20131030120901.fits,C:\Users\aarus\Desktop\solar-flare-warning-system\data\full_resolution_real\suit_AR-11884_T001_20131030190901.fits,2013-10-31T19:09:01+00:00,2013-11-01T19:09:01+00:00,0,1,-5.137
SEQ_AR-11884_201310302239,AR-11884,2013-10-30T22:39:01+00:00,C:\Users\aarus\Desktop\solar-flare-warning-system\data\full_resolution_real\suit_AR-11884_T003_20131029153600.fits,C:\Users\aarus\Desktop\solar-flare-warning-system\data\full_resolution_real\suit_AR-11884_T000_20131030120901.fits,C:\Users\aarus\Desktop\solar-flare-warning-system\data\full_resolution_real\suit_AR-11884_T001_20131030190901.fits,C:\Users\aarus\Desktop\solar-flare-warning-system\data\full_resolution_real\suit_AR-11884_T002_20131030223901.fits,2013-10-31T22:39:01+00:00,2013-11-01T22:39:01+00:00,0,1,-5.137
SEQ_AR-11884_201310302359,AR-11884,2013-10-30T23:59:01+00:00,C:\Users\aarus\Desktop\solar-flare-warning-system\data\full_resolution_real\suit_AR-11884_T000_20131030120901.fits,C:\Users\aarus\Desktop\solar-flare-warning-system\data\full_resolution_real\suit_AR-11884_T001_20131030190901.fits,C:\Users\aarus\Desktop\solar-flare-warning-system\data\full_resolution_real\suit_AR-11884_T002_20131030223901.fits,C:\Users\aarus\Desktop\solar-flare-warning-system\data\full_resolution_real\suit_AR-11884_T003_20131030235901.fits,2013-10-31T23:59:01+00:00,2013-11-01T23:59:01+00:00,0,1,-5.137
SEQ_AR-11890_201311070416,AR-11890,2013-11-07T04:16:01+00:00,C:\Users\aarus\Desktop\solar-flare-warning-system\data\full_resolution_real\suit_AR-11890_T000_20131106162601.fits,C:\Users\aarus\Desktop\solar-flare-warning-system\data\full_resolution_real\suit_AR-11890_T001_20131106232601.fits,C:\Users\aarus\Desktop\solar-flare-warning-system\data\full_resolution_real\suit_AR-11890_T002_20131107025601.fits,C:\Users\aarus\Desktop\solar-flare-warning-system\data\full_resolution_real\suit_AR-11890_T003_20131107041601.fits,2013-11-08T04:16:01+00:00,2013-11-09T04:16:01+00:00,1,3,-3.888
SEQ_AR-11891_201311071150,AR-11891,2013-11-07T11:50:00+00:00,C:\Users\aarus\Desktop\solar-flare-warning-system\data\full_resolution_real\suit_AR-11891_T000_20131107000000.fits,C:\Users\aarus\Desktop\solar-flare-warning-system\data\full_resolution_real\suit_AR-11891_T001_20131107070000.fits,C:\Users\aarus\Desktop\solar-flare-warning-system\data\full_resolution_real\suit_AR-11891_T002_20131107103000.fits,C:\Users\aarus\Desktop\solar-flare-warning-system\data\full_resolution_real\suit_AR-11891_T003_20131107115000.fits,2013-11-08T11:50:00+00:00,2013-11-09T11:50:00+00:00,1,2,-4.5677
SEQ_AR-11893_201311121143,AR-11893,2013-11-12T11:43:00+00:00,C:\Users\aarus\Desktop\solar-flare-warning-system\data\full_resolution_real\suit_AR-11893_T000_20131111235300.fits,C:\Users\aarus\Desktop\solar-flare-warning-system\data\full_resolution_real\suit_AR-11893_T001_20131112065300.fits,C:\Users\aarus\Desktop\solar-flare-warning-system\data\full_resolution_real\suit_AR-11893_T002_20131112102300.fits,C:\Users\aarus\Desktop\solar-flare-warning-system\data\full_resolution_real\suit_AR-11893_T003_20131112114300.fits,2013-11-13T11:43:00+00:00,2013-11-14T11:43:00+00:00,0,0,-8.0
SEQ_AR-11897_201311141125,AR-11897,2013-11-14T11:25:01+00:00,C:\Users\aarus\Desktop\solar-flare-warning-system\data\full_resolution_real\suit_AR-11897_T000_20131113233501.fits,C:\Users\aarus\Desktop\solar-flare-warning-system\data\full_resolution_real\suit_AR-11897_T001_20131114063501.fits,C:\Users\aarus\Desktop\solar-flare-warning-system\data\full_resolution_real\suit_AR-11897_T002_20131114100501.fits,C:\Users\aarus\Desktop\solar-flare-warning-system\data\full_resolution_real\suit_AR-11897_T003_20131114112501.fits,2013-11-15T11:25:01+00:00,2013-11-16T11:25:01+00:00,0,1,-5.0544
SEQ_AR-11903_201311181557,AR-11903,2013-11-18T15:57:00+00:00,C:\Users\aarus\Desktop\solar-flare-warning-system\data\full_resolution_real\suit_AR-11903_T000_20131118040700.fits,C:\Users\aarus\Desktop\solar-flare-warning-system\data\full_resolution_real\suit_AR-11903_T001_20131118110700.fits,C:\Users\aarus\Desktop\solar-flare-warning-system\data\full_resolution_real\suit_AR-11903_T002_20131118143700.fits,C:\Users\aarus\Desktop\solar-flare-warning-system\data\full_resolution_real\suit_AR-11903_T003_20131118155700.fits,2013-11-19T15:57:00+00:00,2013-11-20T15:57:00+00:00,0,0,-8.0
SEQ_AR-11915_201312060936,AR-11915,2013-12-06T09:36:00+00:00,C:\Users\aarus\Desktop\solar-flare-warning-system\data\full_resolution_real\suit_AR-11915_T000_20131205214600.fits,C:\Users\aarus\Desktop\solar-flare-warning-system\data\full_resolution_real\suit_AR-11915_T001_20131206044600.fits,C:\Users\aarus\Desktop\solar-flare-warning-system\data\full_resolution_real\suit_AR-11915_T002_20131206081600.fits,C:\Users\aarus\Desktop\solar-flare-warning-system\data\full_resolution_real\suit_AR-11915_T003_20131206093600.fits,2013-12-07T09:36:00+00:00,2013-12-08T09:36:00+00:00,0,0,-8.0
SEQ_AR-11917_201312120259,AR-11917,2013-12-12T02:59:42+00:00,C:\Users\aarus\Desktop\solar-flare-warning-system\data\full_resolution_real\suit_AR-11917_T000_20131211150942.fits,C:\Users\aarus\Desktop\solar-flare-warning-system\data\full_resolution_real\suit_AR-11917_T001_20131211220942.fits,C:\Users\aarus\Desktop\solar-flare-warning-system\data\full_resolution_real\suit_AR-11917_T002_20131212013942.fits,C:\Users\aarus\Desktop\solar-flare-warning-system\data\full_resolution_real\suit_AR-11917_T003_20131212025942.fits,2013-12-13T02:59:42+00:00,2013-12-14T02:59:42+00:00,0,1,-5.3979
SEQ_AR-11921_201312221920,AR-11921,2013-12-22T19:20:00+00:00,C:\Users\aarus\Desktop\solar-flare-warning-system\data\full_resolution_real\suit_AR-11921_T000_20131222073000.fits,C:\Users\aarus\Desktop\solar-flare-warning-system\data\full_resolution_real\suit_AR-11921_T001_20131222143000.fits,C:\Users\aarus\Desktop\solar-flare-warning-system\data\full_resolution_real\suit_AR-11921_T002_20131222180000.fits,C:\Users\aarus\Desktop\solar-flare-warning-system\data\full_resolution_real\suit_AR-11921_T003_20131222192000.fits,2013-12-23T19:20:00+00:00,2013-12-24T19:20:00+00:00,0,0,-8.0
SEQ_AR-11928_201312181150,AR-11928,2013-12-18T11:50:00+00:00,C:\Users\aarus\Desktop\solar-flare-warning-system\data\full_resolution_real\suit_AR-11928_T000_20131218000000.fits,C:\Users\aarus\Desktop\solar-flare-warning-system\data\full_resolution_real\suit_AR-11928_T001_20131218070000.fits,C:\Users\aarus\Desktop\solar-flare-warning-system\data\full_resolution_real\suit_AR-11928_T002_20131218103000.fits,C:\Users\aarus\Desktop\solar-flare-warning-system\data\full_resolution_real\suit_AR-11928_T003_20131218115000.fits,2013-12-19T11:50:00+00:00,2013-12-20T11:50:00+00:00,0,1,-5.6741
SEQ_AR-11928_201312220730,AR-11928,2013-12-22T07:30:00+00:00,C:\Users\aarus\Desktop\solar-flare-warning-system\data\full_resolution_real\suit_AR-11928_T001_20131218070000.fits,C:\Users\aarus\Desktop\solar-flare-warning-system\data\full_resolution_real\suit_AR-11928_T002_20131218103000.fits,C:\Users\aarus\Desktop\solar-flare-warning-system\data\full_resolution_real\suit_AR-11928_T003_20131218115000.fits,C:\Users\aarus\Desktop\solar-flare-warning-system\data\full_resolution_real\suit_AR-11928_T000_20131222073000.fits,2013-12-23T07:30:00+00:00,2013-12-24T07:30:00+00:00,1,2,-4.7253
SEQ_AR-11928_201312221430,AR-11928,2013-12-22T14:30:00+00:00,C:\Users\aarus\Desktop\solar-flare-warning-system\data\full_resolution_real\suit_AR-11928_T002_20131218103000.fits,C:\Users\aarus\Desktop\solar-flare-warning-system\data\full_resolution_real\suit_AR-11928_T003_20131218115000.fits,C:\Users\aarus\Desktop\solar-flare-warning-system\data\full_resolution_real\suit_AR-11928_T000_20131222073000.fits,C:\Users\aarus\Desktop\solar-flare-warning-system\data\full_resolution_real\suit_AR-11928_T001_20131222143000.fits,2013-12-23T14:30:00+00:00,2013-12-24T14:30:00+00:00,1,2,-4.7253
SEQ_AR-11928_201312221800,AR-11928,2013-12-22T18:00:00+00:00,C:\Users\aarus\Desktop\solar-flare-warning-system\data\full_resolution_real\suit_AR-11928_T003_20131218115000.fits,C:\Users\aarus\Desktop\solar-flare-warning-system\data\full_resolution_real\suit_AR-11928_T000_20131222073000.fits,C:\Users\aarus\Desktop\solar-flare-warning-system\data\full_resolution_real\suit_AR-11928_T001_20131222143000.fits,C:\Users\aarus\Desktop\solar-flare-warning-system\data\full_resolution_real\suit_AR-11928_T002_20131222180000.fits,2013-12-23T18:00:00+00:00,2013-12-24T18:00:00+00:00,1,2,-4.7253
SEQ_AR-11928_201312221920,AR-11928,2013-12-22T19:20:00+00:00,C:\Users\aarus\Desktop\solar-flare-warning-system\data\full_resolution_real\suit_AR-11928_T000_20131222073000.fits,C:\Users\aarus\Desktop\solar-flare-warning-system\data\full_resolution_real\suit_AR-11928_T001_20131222143000.fits,C:\Users\aarus\Desktop\solar-flare-warning-system\data\full_resolution_real\suit_AR-11928_T002_20131222180000.fits,C:\Users\aarus\Desktop\solar-flare-warning-system\data\full_resolution_real\suit_AR-11928_T003_20131222192000.fits,2013-12-23T19:20:00+00:00,2013-12-24T19:20:00+00:00,1,2,-4.7253
SEQ_AR-11931_201312301012,AR-11931,2013-12-30T10:12:59+00:00,C:\Users\aarus\Desktop\solar-flare-warning-system\data\full_resolution_real\suit_AR-11931_T000_20131229222259.fits,C:\Users\aarus\Desktop\solar-flare-warning-system\data\full_resolution_real\suit_AR-11931_T001_20131230052259.fits,C:\Users\aarus\Desktop\solar-flare-warning-system\data\full_resolution_real\suit_AR-11931_T002_20131230085259.fits,C:\Users\aarus\Desktop\solar-flare-warning-system\data\full_resolution_real\suit_AR-11931_T003_20131230101259.fits,2013-12-31T10:12:59+00:00,2014-01-01T10:12:59+00:00,0,0,-8.0
SEQ_AR-11934_201312221920,AR-11934,2013-12-22T19:20:00+00:00,C:\Users\aarus\Desktop\solar-flare-warning-system\data\full_resolution_real\suit_AR-11934_T000_20131222073000.fits,C:\Users\aarus\Desktop\solar-flare-warning-system\data\full_resolution_real\suit_AR-11934_T001_20131222143000.fits,C:\Users\aarus\Desktop\solar-flare-warning-system\data\full_resolution_real\suit_AR-11934_T002_20131222180000.fits,C:\Users\aarus\Desktop\solar-flare-warning-system\data\full_resolution_real\suit_AR-11934_T003_20131222192000.fits,2013-12-23T19:20:00+00:00,2013-12-24T19:20:00+00:00,0,1,-5.699
SEQ_AR-11934_201312261129,AR-11934,2013-12-26T11:29:39+00:00,C:\Users\aarus\Desktop\solar-flare-warning-system\data\full_resolution_real\suit_AR-11934_T001_20131222143000.fits,C:\Users\aarus\Desktop\solar-flare-warning-system\data\full_resolution_real\suit_AR-11934_T002_20131222180000.fits,C:\Users\aarus\Desktop\solar-flare-warning-system\data\full_resolution_real\suit_AR-11934_T003_20131222192000.fits,C:\Users\aarus\Desktop\solar-flare-warning-system\data\full_resolution_real\suit_AR-11934_T000_20131226112939.fits,2013-12-27T11:29:39+00:00,2013-12-28T11:29:39+00:00,0,1,-5.6284
SEQ_AR-11934_201312261829,AR-11934,2013-12-26T18:29:39+00:00,C:\Users\aarus\Desktop\solar-flare-warning-system\data\full_resolution_real\suit_AR-11934_T002_20131222180000.fits,C:\Users\aarus\Desktop\solar-flare-warning-system\data\full_resolution_real\suit_AR-11934_T003_20131222192000.fits,C:\Users\aarus\Desktop\solar-flare-warning-system\data\full_resolution_real\suit_AR-11934_T000_20131226112939.fits,C:\Users\aarus\Desktop\solar-flare-warning-system\data\full_resolution_real\suit_AR-11934_T001_20131226182939.fits,2013-12-27T18:29:39+00:00,2013-12-28T18:29:39+00:00,0,1,-5.6284
SEQ_AR-11934_201312262159,AR-11934,2013-12-26T21:59:39+00:00,C:\Users\aarus\Desktop\solar-flare-warning-system\data\full_resolution_real\suit_AR-11934_T003_20131222192000.fits,C:\Users\aarus\Desktop\solar-flare-warning-system\data\full_resolution_real\suit_AR-11934_T000_20131226112939.fits,C:\Users\aarus\Desktop\solar-flare-warning-system\data\full_resolution_real\suit_AR-11934_T001_20131226182939.fits,C:\Users\aarus\Desktop\solar-flare-warning-system\data\full_resolution_real\suit_AR-11934_T002_20131226215939.fits,2013-12-27T21:59:39+00:00,2013-12-28T21:59:39+00:00,0,1,-5.6284
SEQ_AR-11934_201312262319,AR-11934,2013-12-26T23:19:39+00:00,C:\Users\aarus\Desktop\solar-flare-warning-system\data\full_resolution_real\suit_AR-11934_T000_20131226112939.fits,C:\Users\aarus\Desktop\solar-flare-warning-system\data\full_resolution_real\suit_AR-11934_T001_20131226182939.fits,C:\Users\aarus\Desktop\solar-flare-warning-system\data\full_resolution_real\suit_AR-11934_T002_20131226215939.fits,C:\Users\aarus\Desktop\solar-flare-warning-system\data\full_resolution_real\suit_AR-11934_T003_20131226231939.fits,2013-12-27T23:19:39+00:00,2013-12-28T23:19:39+00:00,0,1,-5.6284
SEQ_AR-11936_201312261203,AR-11936,2013-12-26T12:03:01+00:00,C:\Users\aarus\Desktop\solar-flare-warning-system\data\full_resolution_real\suit_AR-11936_T000_20131226001301.fits,C:\Users\aarus\Desktop\solar-flare-warning-system\data\full_resolution_real\suit_AR-11936_T001_20131226071301.fits,C:\Users\aarus\Desktop\solar-flare-warning-system\data\full_resolution_real\suit_AR-11936_T002_20131226104301.fits,C:\Users\aarus\Desktop\solar-flare-warning-system\data\full_resolution_real\suit_AR-11936_T003_20131226120301.fits,2013-12-27T12:03:01+00:00,2013-12-28T12:03:01+00:00,0,1,-5.286
SEQ_AR-11936_201312281946,AR-11936,2013-12-28T19:46:00+00:00,C:\Users\aarus\Desktop\solar-flare-warning-system\data\full_resolution_real\suit_AR-11936_T001_20131226071301.fits,C:\Users\aarus\Desktop\solar-flare-warning-system\data\full_resolution_real\suit_AR-11936_T002_20131226104301.fits,C:\Users\aarus\Desktop\solar-flare-warning-system\data\full_resolution_real\suit_AR-11936_T003_20131226120301.fits,C:\Users\aarus\Desktop\solar-flare-warning-system\data\full_resolution_real\suit_AR-11936_T000_20131228194600.fits,2013-12-29T19:46:00+00:00,2013-12-30T19:46:00+00:00,1,2,-4.4381
SEQ_AR-11936_201312290256,AR-11936,2013-12-29T02:56:00+00:00,C:\Users\aarus\Desktop\solar-flare-warning-system\data\full_resolution_real\suit_AR-11936_T002_20131226104301.fits,C:\Users\aarus\Desktop\solar-flare-warning-system\data\full_resolution_real\suit_AR-11936_T003_20131226120301.fits,C:\Users\aarus\Desktop\solar-flare-warning-system\data\full_resolution_real\suit_AR-11936_T000_20131228194600.fits,C:\Users\aarus\Desktop\solar-flare-warning-system\data\full_resolution_real\suit_AR-11936_T001_20131229025600.fits,2013-12-30T02:56:00+00:00,2013-12-31T02:56:00+00:00,1,2,-4.4381
SEQ_AR-11936_201312290626,AR-11936,2013-12-29T06:26:00+00:00,C:\Users\aarus\Desktop\solar-flare-warning-system\data\full_resolution_real\suit_AR-11936_T003_20131226120301.fits,C:\Users\aarus\Desktop\solar-flare-warning-system\data\full_resolution_real\suit_AR-11936_T000_20131228194600.fits,C:\Users\aarus\Desktop\solar-flare-warning-system\data\full_resolution_real\suit_AR-11936_T001_20131229025600.fits,C:\Users\aarus\Desktop\solar-flare-warning-system\data\full_resolution_real\suit_AR-11936_T002_20131229062600.fits,2013-12-30T06:26:00+00:00,2013-12-31T06:26:00+00:00,1,2,-4.4381
SEQ_AR-11936_201312290746,AR-11936,2013-12-29T07:46:00+00:00,C:\Users\aarus\Desktop\solar-flare-warning-system\data\full_resolution_real\suit_AR-11936_T000_20131228194600.fits,C:\Users\aarus\Desktop\solar-flare-warning-system\data\full_resolution_real\suit_AR-11936_T001_20131229025600.fits,C:\Users\aarus\Desktop\solar-flare-warning-system\data\full_resolution_real\suit_AR-11936_T002_20131229062600.fits,C:\Users\aarus\Desktop\solar-flare-warning-system\data\full_resolution_real\suit_AR-11936_T003_20131229074600.fits,2013-12-30T07:46:00+00:00,2013-12-31T07:46:00+00:00,1,2,-4.4381
SEQ_AR-11936_201401031052,AR-11936,2014-01-03T10:52:01+00:00,C:\Users\aarus\Desktop\solar-flare-warning-system\data\full_resolution_real\suit_AR-11936_T001_20131229025600.fits,C:\Users\aarus\Desktop\solar-flare-warning-system\data\full_resolution_real\suit_AR-11936_T002_20131229062600.fits,C:\Users\aarus\Desktop\solar-flare-warning-system\data\full_resolution_real\suit_AR-11936_T003_20131229074600.fits,C:\Users\aarus\Desktop\solar-flare-warning-system\data\full_resolution_real\suit_AR-11936_T000_20140103105201.fits,2014-01-04T10:52:01+00:00,2014-01-05T10:52:01+00:00,1,2,-4.6507
SEQ_AR-11936_201401031752,AR-11936,2014-01-03T17:52:01+00:00,C:\Users\aarus\Desktop\solar-flare-warning-system\data\full_resolution_real\suit_AR-11936_T002_20131229062600.fits,C:\Users\aarus\Desktop\solar-flare-warning-system\data\full_resolution_real\suit_AR-11936_T003_20131229074600.fits,C:\Users\aarus\Desktop\solar-flare-warning-system\data\full_resolution_real\suit_AR-11936_T000_20140103105201.fits,C:\Users\aarus\Desktop\solar-flare-warning-system\data\full_resolution_real\suit_AR-11936_T001_20140103175201.fits,2014-01-04T17:52:01+00:00,2014-01-05T17:52:01+00:00,1,2,-4.6507
SEQ_AR-11936_201401032122,AR-11936,2014-01-03T21:22:01+00:00,C:\Users\aarus\Desktop\solar-flare-warning-system\data\full_resolution_real\suit_AR-11936_T003_20131229074600.fits,C:\Users\aarus\Desktop\solar-flare-warning-system\data\full_resolution_real\suit_AR-11936_T000_20140103105201.fits,C:\Users\aarus\Desktop\solar-flare-warning-system\data\full_resolution_real\suit_AR-11936_T001_20140103175201.fits,C:\Users\aarus\Desktop\solar-flare-warning-system\data\full_resolution_real\suit_AR-11936_T002_20140103212201.fits,2014-01-04T21:22:01+00:00,2014-01-05T21:22:01+00:00,1,2,-4.6507
SEQ_AR-11936_201401032242,AR-11936,2014-01-03T22:42:01+00:00,C:\Users\aarus\Desktop\solar-flare-warning-system\data\full_resolution_real\suit_AR-11936_T000_20140103105201.fits,C:\Users\aarus\Desktop\solar-flare-warning-system\data\full_resolution_real\suit_AR-11936_T001_20140103175201.fits,C:\Users\aarus\Desktop\solar-flare-warning-system\data\full_resolution_real\suit_AR-11936_T002_20140103212201.fits,C:\Users\aarus\Desktop\solar-flare-warning-system\data\full_resolution_real\suit_AR-11936_T003_20140103224201.fits,2014-01-04T22:42:01+00:00,2014-01-05T22:42:01+00:00,1,2,-4.6507
SEQ_AR-11941_201401020647,AR-11941,2014-01-02T06:47:34+00:00,C:\Users\aarus\Desktop\solar-flare-warning-system\data\full_resolution_real\suit_AR-11941_T000_20140101185734.fits,C:\Users\aarus\Desktop\solar-flare-warning-system\data\full_resolution_real\suit_AR-11941_T001_20140102015734.fits,C:\Users\aarus\Desktop\solar-flare-warning-system\data\full_resolution_real\suit_AR-11941_T002_20140102052734.fits,C:\Users\aarus\Desktop\solar-flare-warning-system\data\full_resolution_real\suit_AR-11941_T003_20140102064734.fits,2014-01-03T06:47:34+00:00,2014-01-04T06:47:34+00:00,0,0,-8.0
SEQ_AR-11943_201401030409,AR-11943,2014-01-03T04:09:20+00:00,C:\Users\aarus\Desktop\solar-flare-warning-system\data\full_resolution_real\suit_AR-11943_T000_20140102161920.fits,C:\Users\aarus\Desktop\solar-flare-warning-system\data\full_resolution_real\suit_AR-11943_T001_20140102231920.fits,C:\Users\aarus\Desktop\solar-flare-warning-system\data\full_resolution_real\suit_AR-11943_T002_20140103024920.fits,C:\Users\aarus\Desktop\solar-flare-warning-system\data\full_resolution_real\suit_AR-11943_T003_20140103040920.fits,2014-01-04T04:09:20+00:00,2014-01-05T04:09:20+00:00,0,0,-8.0
SEQ_AR-11944_201401031012,AR-11944,2014-01-03T10:12:17+00:00,C:\Users\aarus\Desktop\solar-flare-warning-system\data\full_resolution_real\suit_AR-11944_T000_20140102222217.fits,C:\Users\aarus\Desktop\solar-flare-warning-system\data\full_resolution_real\suit_AR-11944_T001_20140103052217.fits,C:\Users\aarus\Desktop\solar-flare-warning-system\data\full_resolution_real\suit_AR-11944_T002_20140103085217.fits,C:\Users\aarus\Desktop\solar-flare-warning-system\data\full_resolution_real\suit_AR-11944_T003_20140103101217.fits,2014-01-04T10:12:17+00:00,2014-01-05T10:12:17+00:00,1,2,-4.9294
SEQ_AR-11944_201401130952,AR-11944,2014-01-13T09:52:59+00:00,C:\Users\aarus\Desktop\solar-flare-warning-system\data\full_resolution_real\suit_AR-11944_T001_20140103052217.fits,C:\Users\aarus\Desktop\solar-flare-warning-system\data\full_resolution_real\suit_AR-11944_T002_20140103085217.fits,C:\Users\aarus\Desktop\solar-flare-warning-system\data\full_resolution_real\suit_AR-11944_T003_20140103101217.fits,C:\Users\aarus\Desktop\solar-flare-warning-system\data\full_resolution_real\suit_AR-11944_T000_20140113095259.fits,2014-01-14T09:52:59+00:00,2014-01-15T09:52:59+00:00,0,1,-5.4243
SEQ_AR-11944_201401131652,AR-11944,2014-01-13T16:52:59+00:00,C:\Users\aarus\Desktop\solar-flare-warning-system\data\full_resolution_real\suit_AR-11944_T002_20140103085217.fits,C:\Users\aarus\Desktop\solar-flare-warning-system\data\full_resolution_real\suit_AR-11944_T003_20140103101217.fits,C:\Users\aarus\Desktop\solar-flare-warning-system\data\full_resolution_real\suit_AR-11944_T000_20140113095259.fits,C:\Users\aarus\Desktop\solar-flare-warning-system\data\full_resolution_real\suit_AR-11944_T001_20140113165259.fits,2014-01-14T16:52:59+00:00,2014-01-15T16:52:59+00:00,0,1,-5.4243
SEQ_AR-11944_201401132022,AR-11944,2014-01-13T20:22:59+00:00,C:\Users\aarus\Desktop\solar-flare-warning-system\data\full_resolution_real\suit_AR-11944_T003_20140103101217.fits,C:\Users\aarus\Desktop\solar-flare-warning-system\data\full_resolution_real\suit_AR-11944_T000_20140113095259.fits,C:\Users\aarus\Desktop\solar-flare-warning-system\data\full_resolution_real\suit_AR-11944_T001_20140113165259.fits,C:\Users\aarus\Desktop\solar-flare-warning-system\data\full_resolution_real\suit_AR-11944_T002_20140113202259.fits,2014-01-14T20:22:59+00:00,2014-01-15T20:22:59+00:00,0,1,-5.4243
SEQ_AR-11944_201401132142,AR-11944,2014-01-13T21:42:59+00:00,C:\Users\aarus\Desktop\solar-flare-warning-system\data\full_resolution_real\suit_AR-11944_T000_20140113095259.fits,C:\Users\aarus\Desktop\solar-flare-warning-system\data\full_resolution_real\suit_AR-11944_T001_20140113165259.fits,C:\Users\aarus\Desktop\solar-flare-warning-system\data\full_resolution_real\suit_AR-11944_T002_20140113202259.fits,C:\Users\aarus\Desktop\solar-flare-warning-system\data\full_resolution_real\suit_AR-11944_T003_20140113214259.fits,2014-01-14T21:42:59+00:00,2014-01-15T21:42:59+00:00,0,1,-5.4243
SEQ_AR-11946_201401070345,AR-11946,2014-01-07T03:45:59+00:00,C:\Users\aarus\Desktop\solar-flare-warning-system\data\full_resolution_real\suit_AR-11946_T000_20140106155559.fits,C:\Users\aarus\Desktop\solar-flare-warning-system\data\full_resolution_real\suit_AR-11946_T001_20140106225559.fits,C:\Users\aarus\Desktop\solar-flare-warning-system\data\full_resolution_real\suit_AR-11946_T002_20140107022559.fits,C:\Users\aarus\Desktop\solar-flare-warning-system\data\full_resolution_real\suit_AR-11946_T003_20140107034559.fits,2014-01-08T03:45:59+00:00,2014-01-09T03:45:59+00:00,0,1,-5.3979
SEQ_AR-11948_201401091111,AR-11948,2014-01-09T11:11:02+00:00,C:\Users\aarus\Desktop\solar-flare-warning-system\data\full_resolution_real\suit_AR-11948_T000_20140108232102.fits,C:\Users\aarus\Desktop\solar-flare-warning-system\data\full_resolution_real\suit_AR-11948_T001_20140109062102.fits,C:\Users\aarus\Desktop\solar-flare-warning-system\data\full_resolution_real\suit_AR-11948_T002_20140109095102.fits,C:\Users\aarus\Desktop\solar-flare-warning-system\data\full_resolution_real\suit_AR-11948_T003_20140109111102.fits,2014-01-10T11:11:02+00:00,2014-01-11T11:11:02+00:00,0,0,-8.0
SEQ_AR-11951_201401111150,AR-11951,2014-01-11T11:50:00+00:00,C:\Users\aarus\Desktop\solar-flare-warning-system\data\full_resolution_real\suit_AR-11951_T000_20140111000000.fits,C:\Users\aarus\Desktop\solar-flare-warning-system\data\full_resolution_real\suit_AR-11951_T001_20140111070000.fits,C:\Users\aarus\Desktop\solar-flare-warning-system\data\full_resolution_real\suit_AR-11951_T002_20140111103000.fits,C:\Users\aarus\Desktop\solar-flare-warning-system\data\full_resolution_real\suit_AR-11951_T003_20140111115000.fits,2014-01-12T11:50:00+00:00,2014-01-13T11:50:00+00:00,0,0,-8.0
SEQ_AR-11958_201401250229,AR-11958,2014-01-25T02:29:00+00:00,C:\Users\aarus\Desktop\solar-flare-warning-system\data\full_resolution_real\suit_AR-11958_T000_20140124143900.fits,C:\Users\aarus\Desktop\solar-flare-warning-system\data\full_resolution_real\suit_AR-11958_T001_20140124213900.fits,C:\Users\aarus\Desktop\solar-flare-warning-system\data\full_resolution_real\suit_AR-11958_T002_20140125010900.fits,C:\Users\aarus\Desktop\solar-flare-warning-system\data\full_resolution_real\suit_AR-11958_T003_20140125022900.fits,2014-01-26T02:29:00+00:00,2014-01-27T02:29:00+00:00,0,0,-8.0
SEQ_AR-11963_201401240214,AR-11963,2014-01-24T02:14:59+00:00,C:\Users\aarus\Desktop\solar-flare-warning-system\data\full_resolution_real\suit_AR-11963_T000_20140123142459.fits,C:\Users\aarus\Desktop\solar-flare-warning-system\data\full_resolution_real\suit_AR-11963_T001_20140123212459.fits,C:\Users\aarus\Desktop\solar-flare-warning-system\data\full_resolution_real\suit_AR-11963_T002_20140124005459.fits,C:\Users\aarus\Desktop\solar-flare-warning-system\data\full_resolution_real\suit_AR-11963_T003_20140124021459.fits,2014-01-25T02:14:59+00:00,2014-01-26T02:14:59+00:00,0,0,-8.0
SEQ_AR-11967_201402010713,AR-11967,2014-02-01T07:13:00+00:00,C:\Users\aarus\Desktop\solar-flare-warning-system\data\full_resolution_real\suit_AR-11967_T000_20140131192300.fits,C:\Users\aarus\Desktop\solar-flare-warning-system\data\full_resolution_real\suit_AR-11967_T001_20140201022300.fits,C:\Users\aarus\Desktop\solar-flare-warning-system\data\full_resolution_real\suit_AR-11967_T002_20140201055300.fits,C:\Users\aarus\Desktop\solar-flare-warning-system\data\full_resolution_real\suit_AR-11967_T003_20140201071300.fits,2014-02-02T07:13:00+00:00,2014-02-03T07:13:00+00:00,1,2,-4.4523
SEQ_AR-11967_201402012131,AR-11967,2014-02-01T21:31:00+00:00,C:\Users\aarus\Desktop\solar-flare-warning-system\data\full_resolution_real\suit_AR-11967_T001_20140201022300.fits,C:\Users\aarus\Desktop\solar-flare-warning-system\data\full_resolution_real\suit_AR-11967_T002_20140201055300.fits,C:\Users\aarus\Desktop\solar-flare-warning-system\data\full_resolution_real\suit_AR-11967_T003_20140201071300.fits,C:\Users\aarus\Desktop\solar-flare-warning-system\data\full_resolution_real\suit_AR-11967_T000_20140201213100.fits,2014-02-02T21:31:00+00:00,2014-02-03T21:31:00+00:00,1,2,-4.286
SEQ_AR-11967_201402020431,AR-11967,2014-02-02T04:31:00+00:00,C:\Users\aarus\Desktop\solar-flare-warning-system\data\full_resolution_real\suit_AR-11967_T002_20140201055300.fits,C:\Users\aarus\Desktop\solar-flare-warning-system\data\full_resolution_real\suit_AR-11967_T003_20140201071300.fits,C:\Users\aarus\Desktop\solar-flare-warning-system\data\full_resolution_real\suit_AR-11967_T000_20140201213100.fits,C:\Users\aarus\Desktop\solar-flare-warning-system\data\full_resolution_real\suit_AR-11967_T001_20140202043100.fits,2014-02-03T04:31:00+00:00,2014-02-04T04:31:00+00:00,1,2,-4.286
SEQ_AR-11967_201402020801,AR-11967,2014-02-02T08:01:00+00:00,C:\Users\aarus\Desktop\solar-flare-warning-system\data\full_resolution_real\suit_AR-11967_T003_20140201071300.fits,C:\Users\aarus\Desktop\solar-flare-warning-system\data\full_resolution_real\suit_AR-11967_T000_20140201213100.fits,C:\Users\aarus\Desktop\solar-flare-warning-system\data\full_resolution_real\suit_AR-11967_T001_20140202043100.fits,C:\Users\aarus\Desktop\solar-flare-warning-system\data\full_resolution_real\suit_AR-11967_T002_20140202080100.fits,2014-02-03T08:01:00+00:00,2014-02-04T08:01:00+00:00,1,2,-4.286
SEQ_AR-11967_201402020921,AR-11967,2014-02-02T09:21:00+00:00,C:\Users\aarus\Desktop\solar-flare-warning-system\data\full_resolution_real\suit_AR-11967_T000_20140201213100.fits,C:\Users\aarus\Desktop\solar-flare-warning-system\data\full_resolution_real\suit_AR-11967_T001_20140202043100.fits,C:\Users\aarus\Desktop\solar-flare-warning-system\data\full_resolution_real\suit_AR-11967_T002_20140202080100.fits,C:\Users\aarus\Desktop\solar-flare-warning-system\data\full_resolution_real\suit_AR-11967_T003_20140202092100.fits,2014-02-03T09:21:00+00:00,2014-02-04T09:21:00+00:00,1,2,-4.286
SEQ_AR-11968_201402020627,AR-11968,2014-02-02T06:27:00+00:00,C:\Users\aarus\Desktop\solar-flare-warning-system\data\full_resolution_real\suit_AR-11968_T000_20140201183700.fits,C:\Users\aarus\Desktop\solar-flare-warning-system\data\full_resolution_real\suit_AR-11968_T001_20140202013700.fits,C:\Users\aarus\Desktop\solar-flare-warning-system\data\full_resolution_real\suit_AR-11968_T002_20140202050700.fits,C:\Users\aarus\Desktop\solar-flare-warning-system\data\full_resolution_real\suit_AR-11968_T003_20140202062700.fits,2014-02-03T06:27:00+00:00,2014-02-04T06:27:00+00:00,1,2,-4.9294
SEQ_AR-11968_201402052100,AR-11968,2014-02-05T21:00:01+00:00,C:\Users\aarus\Desktop\solar-flare-warning-system\data\full_resolution_real\suit_AR-11968_T001_20140202013700.fits,C:\Users\aarus\Desktop\solar-flare-warning-system\data\full_resolution_real\suit_AR-11968_T002_20140202050700.fits,C:\Users\aarus\Desktop\solar-flare-warning-system\data\full_resolution_real\suit_AR-11968_T003_20140202062700.fits,C:\Users\aarus\Desktop\solar-flare-warning-system\data\full_resolution_real\suit_AR-11968_T000_20140205210001.fits,2014-02-06T21:00:01+00:00,2014-02-07T21:00:01+00:00,0,1,-5.5315
SEQ_AR-11968_201402060400,AR-11968,2014-02-06T04:00:01+00:00,C:\Users\aarus\Desktop\solar-flare-warning-system\data\full_resolution_real\suit_AR-11968_T002_20140202050700.fits,C:\Users\aarus\Desktop\solar-flare-warning-system\data\full_resolution_real\suit_AR-11968_T003_20140202062700.fits,C:\Users\aarus\Desktop\solar-flare-warning-system\data\full_resolution_real\suit_AR-11968_T000_20140205210001.fits,C:\Users\aarus\Desktop\solar-flare-warning-system\data\full_resolution_real\suit_AR-11968_T001_20140206040001.fits,2014-02-07T04:00:01+00:00,2014-02-08T04:00:01+00:00,0,1,-5.5315
SEQ_AR-11968_201402060730,AR-11968,2014-02-06T07:30:01+00:00,C:\Users\aarus\Desktop\solar-flare-warning-system\data\full_resolution_real\suit_AR-11968_T003_20140202062700.fits,C:\Users\aarus\Desktop\solar-flare-warning-system\data\full_resolution_real\suit_AR-11968_T000_20140205210001.fits,C:\Users\aarus\Desktop\solar-flare-warning-system\data\full_resolution_real\suit_AR-11968_T001_20140206040001.fits,C:\Users\aarus\Desktop\solar-flare-warning-system\data\full_resolution_real\suit_AR-11968_T002_20140206073001.fits,2014-02-07T07:30:01+00:00,2014-02-08T07:30:01+00:00,0,1,-5.5315
SEQ_AR-11968_201402060850,AR-11968,2014-02-06T08:50:01+00:00,C:\Users\aarus\Desktop\solar-flare-warning-system\data\full_resolution_real\suit_AR-11968_T000_20140205210001.fits,C:\Users\aarus\Desktop\solar-flare-warning-system\data\full_resolution_real\suit_AR-11968_T001_20140206040001.fits,C:\Users\aarus\Desktop\solar-flare-warning-system\data\full_resolution_real\suit_AR-11968_T002_20140206073001.fits,C:\Users\aarus\Desktop\solar-flare-warning-system\data\full_resolution_real\suit_AR-11968_T003_20140206085001.fits,2014-02-07T08:50:01+00:00,2014-02-08T08:50:01+00:00,0,1,-5.5315
SEQ_AR-11971_201402060023,AR-11971,2014-02-06T00:23:17+00:00,C:\Users\aarus\Desktop\solar-flare-warning-system\data\full_resolution_real\suit_AR-11971_T000_20140205123317.fits,C:\Users\aarus\Desktop\solar-flare-warning-system\data\full_resolution_real\suit_AR-11971_T001_20140205193317.fits,C:\Users\aarus\Desktop\solar-flare-warning-system\data\full_resolution_real\suit_AR-11971_T002_20140205230317.fits,C:\Users\aarus\Desktop\solar-flare-warning-system\data\full_resolution_real\suit_AR-11971_T003_20140206002317.fits,2014-02-07T00:23:17+00:00,2014-02-08T00:23:17+00:00,0,0,-8.0
SEQ_AR-11974_201402170808,AR-11974,2014-02-17T08:08:00+00:00,C:\Users\aarus\Desktop\solar-flare-warning-system\data\full_resolution_real\suit_AR-11974_T000_20140216201800.fits,C:\Users\aarus\Desktop\solar-flare-warning-system\data\full_resolution_real\suit_AR-11974_T001_20140217031800.fits,C:\Users\aarus\Desktop\solar-flare-warning-system\data\full_resolution_real\suit_AR-11974_T002_20140217064800.fits,C:\Users\aarus\Desktop\solar-flare-warning-system\data\full_resolution_real\suit_AR-11974_T003_20140217080800.fits,2014-02-18T08:08:00+00:00,2014-02-19T08:08:00+00:00,0,0,-8.0
SEQ_AR-11975_201402110903,AR-11975,2014-02-11T09:03:37+00:00,C:\Users\aarus\Desktop\solar-flare-warning-system\data\full_resolution_real\suit_AR-11975_T000_20140210211337.fits,C:\Users\aarus\Desktop\solar-flare-warning-system\data\full_resolution_real\suit_AR-11975_T001_20140211041337.fits,C:\Users\aarus\Desktop\solar-flare-warning-system\data\full_resolution_real\suit_AR-11975_T002_20140211074337.fits,C:\Users\aarus\Desktop\solar-flare-warning-system\data\full_resolution_real\suit_AR-11975_T003_20140211090337.fits,2014-02-12T09:03:37+00:00,2014-02-13T09:03:37+00:00,0,0,-8.0
SEQ_AR-11977_201402170808,AR-11977,2014-02-17T08:08:00+00:00,C:\Users\aarus\Desktop\solar-flare-warning-system\data\full_resolution_real\suit_AR-11977_T000_20140216201800.fits,C:\Users\aarus\Desktop\solar-flare-warning-system\data\full_resolution_real\suit_AR-11977_T001_20140217031800.fits,C:\Users\aarus\Desktop\solar-flare-warning-system\data\full_resolution_real\suit_AR-11977_T002_20140217064800.fits,C:\Users\aarus\Desktop\solar-flare-warning-system\data\full_resolution_real\suit_AR-11977_T003_20140217080800.fits,2014-02-18T08:08:00+00:00,2014-02-19T08:08:00+00:00,0,1,-5.5492
SEQ_AR-11982_201403010835,AR-11982,2014-03-01T08:35:47+00:00,C:\Users\aarus\Desktop\solar-flare-warning-system\data\full_resolution_real\suit_AR-11982_T000_20140301012300.fits,C:\Users\aarus\Desktop\solar-flare-warning-system\data\full_resolution_real\suit_AR-11982_T000_20140301013547.fits,C:\Users\aarus\Desktop\solar-flare-warning-system\data\full_resolution_real\suit_AR-11982_T001_20140301083300.fits,C:\Users\aarus\Desktop\solar-flare-warning-system\data\full_resolution_real\suit_AR-11982_T001_20140301083547.fits,2014-03-02T08:35:47+00:00,2014-03-03T08:35:47+00:00,1,2,-4.888
SEQ_AR-11982_201403011203,AR-11982,2014-03-01T12:03:00+00:00,C:\Users\aarus\Desktop\solar-flare-warning-system\data\full_resolution_real\suit_AR-11982_T000_20140301013547.fits,C:\Users\aarus\Desktop\solar-flare-warning-system\data\full_resolution_real\suit_AR-11982_T001_20140301083300.fits,C:\Users\aarus\Desktop\solar-flare-warning-system\data\full_resolution_real\suit_AR-11982_T001_20140301083547.fits,C:\Users\aarus\Desktop\solar-flare-warning-system\data\full_resolution_real\suit_AR-11982_T002_20140301120300.fits,2014-03-02T12:03:00+00:00,2014-03-03T12:03:00+00:00,1,2,-4.888
SEQ_AR-11982_201403011205,AR-11982,2014-03-01T12:05:47+00:00,C:\Users\aarus\Desktop\solar-flare-warning-system\data\full_resolution_real\suit_AR-11982_T001_20140301083300.fits,C:\Users\aarus\Desktop\solar-flare-warning-system\data\full_resolution_real\suit_AR-11982_T001_20140301083547.fits,C:\Users\aarus\Desktop\solar-flare-warning-system\data\full_resolution_real\suit_AR-11982_T002_20140301120300.fits,C:\Users\aarus\Desktop\solar-flare-warning-system\data\full_resolution_real\suit_AR-11982_T002_20140301120547.fits,2014-03-02T12:05:47+00:00,2014-03-03T12:05:47+00:00,1,2,-4.888
SEQ_AR-11982_201403011323,AR-11982,2014-03-01T13:23:00+00:00,C:\Users\aarus\Desktop\solar-flare-warning-system\data\full_resolution_real\suit_AR-11982_T001_20140301083547.fits,C:\Users\aarus\Desktop\solar-flare-warning-system\data\full_resolution_real\suit_AR-11982_T002_20140301120300.fits,C:\Users\aarus\Desktop\solar-flare-warning-system\data\full_resolution_real\suit_AR-11982_T002_20140301120547.fits,C:\Users\aarus\Desktop\solar-flare-warning-system\data\full_resolution_real\suit_AR-11982_T003_20140301132300.fits,2014-03-02T13:23:00+00:00,2014-03-03T13:23:00+00:00,1,2,-4.888
SEQ_AR-11982_201403011325,AR-11982,2014-03-01T13:25:47+00:00,C:\Users\aarus\Desktop\solar-flare-warning-system\data\full_resolution_real\suit_AR-11982_T002_20140301120300.fits,C:\Users\aarus\Desktop\solar-flare-warning-system\data\full_resolution_real\suit_AR-11982_T002_20140301120547.fits,C:\Users\aarus\Desktop\solar-flare-warning-system\data\full_resolution_real\suit_AR-11982_T003_20140301132300.fits,C:\Users\aarus\Desktop\solar-flare-warning-system\data\full_resolution_real\suit_AR-11982_T003_20140301132547.fits,2014-03-02T13:25:47+00:00,2014-03-03T13:25:47+00:00,1,2,-4.888
SEQ_AR-11984_201402281708,AR-11984,2014-02-28T17:08:00+00:00,C:\Users\aarus\Desktop\solar-flare-warning-system\data\full_resolution_real\suit_AR-11984_T000_20140228051800.fits,C:\Users\aarus\Desktop\solar-flare-warning-system\data\full_resolution_real\suit_AR-11984_T001_20140228121800.fits,C:\Users\aarus\Desktop\solar-flare-warning-system\data\full_resolution_real\suit_AR-11984_T002_20140228154800.fits,C:\Users\aarus\Desktop\solar-flare-warning-system\data\full_resolution_real\suit_AR-11984_T003_20140228170800.fits,2014-03-01T17:08:00+00:00,2014-03-02T17:08:00+00:00,0,0,-8.0
SEQ_AR-11990_201403051255,AR-11990,2014-03-05T12:55:00+00:00,C:\Users\aarus\Desktop\solar-flare-warning-system\data\full_resolution_real\suit_AR-11990_T000_20140305010500.fits,C:\Users\aarus\Desktop\solar-flare-warning-system\data\full_resolution_real\suit_AR-11990_T001_20140305080500.fits,C:\Users\aarus\Desktop\solar-flare-warning-system\data\full_resolution_real\suit_AR-11990_T002_20140305113500.fits,C:\Users\aarus\Desktop\solar-flare-warning-system\data\full_resolution_real\suit_AR-11990_T003_20140305125500.fits,2014-03-06T12:55:00+00:00,2014-03-07T12:55:00+00:00,0,1,-5.8155
SEQ_AR-11990_201403091159,AR-11990,2014-03-09T11:59:59+00:00,C:\Users\aarus\Desktop\solar-flare-warning-system\data\full_resolution_real\suit_AR-11990_T001_20140305080500.fits,C:\Users\aarus\Desktop\solar-flare-warning-system\data\full_resolution_real\suit_AR-11990_T002_20140305113500.fits,C:\Users\aarus\Desktop\solar-flare-warning-system\data\full_resolution_real\suit_AR-11990_T003_20140305125500.fits,C:\Users\aarus\Desktop\solar-flare-warning-system\data\full_resolution_real\suit_AR-11990_T000_20140309115959.fits,2014-03-10T11:59:59+00:00,2014-03-11T11:59:59+00:00,0,0,-8.0
SEQ_AR-11990_201403091859,AR-11990,2014-03-09T18:59:59+00:00,C:\Users\aarus\Desktop\solar-flare-warning-system\data\full_resolution_real\suit_AR-11990_T002_20140305113500.fits,C:\Users\aarus\Desktop\solar-flare-warning-system\data\full_resolution_real\suit_AR-11990_T003_20140305125500.fits,C:\Users\aarus\Desktop\solar-flare-warning-system\data\full_resolution_real\suit_AR-11990_T000_20140309115959.fits,C:\Users\aarus\Desktop\solar-flare-warning-system\data\full_resolution_real\suit_AR-11990_T001_20140309185959.fits,2014-03-10T18:59:59+00:00,2014-03-11T18:59:59+00:00,0,0,-8.0
SEQ_AR-11990_201403092229,AR-11990,2014-03-09T22:29:59+00:00,C:\Users\aarus\Desktop\solar-flare-warning-system\data\full_resolution_real\suit_AR-11990_T003_20140305125500.fits,C:\Users\aarus\Desktop\solar-flare-warning-system\data\full_resolution_real\suit_AR-11990_T000_20140309115959.fits,C:\Users\aarus\Desktop\solar-flare-warning-system\data\full_resolution_real\suit_AR-11990_T001_20140309185959.fits,C:\Users\aarus\Desktop\solar-flare-warning-system\data\full_resolution_real\suit_AR-11990_T002_20140309222959.fits,2014-03-10T22:29:59+00:00,2014-03-11T22:29:59+00:00,0,0,-8.0
SEQ_AR-11990_201403092349,AR-11990,2014-03-09T23:49:59+00:00,C:\Users\aarus\Desktop\solar-flare-warning-system\data\full_resolution_real\suit_AR-11990_T000_20140309115959.fits,C:\Users\aarus\Desktop\solar-flare-warning-system\data\full_resolution_real\suit_AR-11990_T001_20140309185959.fits,C:\Users\aarus\Desktop\solar-flare-warning-system\data\full_resolution_real\suit_AR-11990_T002_20140309222959.fits,C:\Users\aarus\Desktop\solar-flare-warning-system\data\full_resolution_real\suit_AR-11990_T003_20140309234959.fits,2014-03-10T23:49:59+00:00,2014-03-11T23:49:59+00:00,0,0,-8.0
SEQ_AR-11991_201402280426,AR-11991,2014-02-28T04:26:01+00:00,C:\Users\aarus\Desktop\solar-flare-warning-system\data\full_resolution_real\suit_AR-11991_T000_20140227163601.fits,C:\Users\aarus\Desktop\solar-flare-warning-system\data\full_resolution_real\suit_AR-11991_T001_20140227233601.fits,C:\Users\aarus\Desktop\solar-flare-warning-system\data\full_resolution_real\suit_AR-11991_T002_20140228030601.fits,C:\Users\aarus\Desktop\solar-flare-warning-system\data\full_resolution_real\suit_AR-11991_T003_20140228042601.fits,2014-03-01T04:26:01+00:00,2014-03-02T04:26:01+00:00,0,1,-5.6507
SEQ_AR-11998_201403131427,AR-11998,2014-03-13T14:27:01+00:00,C:\Users\aarus\Desktop\solar-flare-warning-system\data\full_resolution_real\suit_AR-11998_T000_20140313023701.fits,C:\Users\aarus\Desktop\solar-flare-warning-system\data\full_resolution_real\suit_AR-11998_T001_20140313093701.fits,C:\Users\aarus\Desktop\solar-flare-warning-system\data\full_resolution_real\suit_AR-11998_T002_20140313130701.fits,C:\Users\aarus\Desktop\solar-flare-warning-system\data\full_resolution_real\suit_AR-11998_T003_20140313142701.fits,2014-03-14T14:27:01+00:00,2014-03-15T14:27:01+00:00,0,0,-8.0
SEQ_AR-12002_201403152110,AR-12002,2014-03-15T21:10:01+00:00,C:\Users\aarus\Desktop\solar-flare-warning-system\data\full_resolution_real\suit_AR-12002_T000_20140315092001.fits,C:\Users\aarus\Desktop\solar-flare-warning-system\data\full_resolution_real\suit_AR-12002_T001_20140315162001.fits,C:\Users\aarus\Desktop\solar-flare-warning-system\data\full_resolution_real\suit_AR-12002_T002_20140315195001.fits,C:\Users\aarus\Desktop\solar-flare-warning-system\data\full_resolution_real\suit_AR-12002_T003_20140315211001.fits,2014-03-16T21:10:01+00:00,2014-03-17T21:10:01+00:00,0,1,-5.7833
SEQ_AR-12017_201403281738,AR-12017,2014-03-28T17:38:01+00:00,C:\Users\aarus\Desktop\solar-flare-warning-system\data\full_resolution_real\suit_AR-12017_T000_20140328054801.fits,C:\Users\aarus\Desktop\solar-flare-warning-system\data\full_resolution_real\suit_AR-12017_T001_20140328124801.fits,C:\Users\aarus\Desktop\solar-flare-warning-system\data\full_resolution_real\suit_AR-12017_T002_20140328161801.fits,C:\Users\aarus\Desktop\solar-flare-warning-system\data\full_resolution_real\suit_AR-12017_T003_20140328173801.fits,2014-03-29T17:38:01+00:00,2014-03-30T17:38:01+00:00,1,3,-3.9294
SEQ_AR-12021_201404011921,AR-12021,2014-04-01T19:21:52+00:00,C:\Users\aarus\Desktop\solar-flare-warning-system\data\full_resolution_real\suit_AR-12021_T000_20140401073152.fits,C:\Users\aarus\Desktop\solar-flare-warning-system\data\full_resolution_real\suit_AR-12021_T001_20140401143152.fits,C:\Users\aarus\Desktop\solar-flare-warning-system\data\full_resolution_real\suit_AR-12021_T002_20140401180152.fits,C:\Users\aarus\Desktop\solar-flare-warning-system\data\full_resolution_real\suit_AR-12021_T003_20140401192152.fits,2014-04-02T19:21:52+00:00,2014-04-03T19:21:52+00:00,0,0,-8.0
SEQ_AR-12026_201404040947,AR-12026,2014-04-04T09:47:01+00:00,C:\Users\aarus\Desktop\solar-flare-warning-system\data\full_resolution_real\suit_AR-12026_T000_20140403215701.fits,C:\Users\aarus\Desktop\solar-flare-warning-system\data\full_resolution_real\suit_AR-12026_T001_20140404045701.fits,C:\Users\aarus\Desktop\solar-flare-warning-system\data\full_resolution_real\suit_AR-12026_T002_20140404082701.fits,C:\Users\aarus\Desktop\solar-flare-warning-system\data\full_resolution_real\suit_AR-12026_T003_20140404094701.fits,2014-04-05T09:47:01+00:00,2014-04-06T09:47:01+00:00,0,1,-5.7253
SEQ_AR-12026_201404042259,AR-12026,2014-04-04T22:59:59+00:00,C:\Users\aarus\Desktop\solar-flare-warning-system\data\full_resolution_real\suit_AR-12026_T001_20140404045701.fits,C:\Users\aarus\Desktop\solar-flare-warning-system\data\full_resolution_real\suit_AR-12026_T002_20140404082701.fits,C:\Users\aarus\Desktop\solar-flare-warning-system\data\full_resolution_real\suit_AR-12026_T003_20140404094701.fits,C:\Users\aarus\Desktop\solar-flare-warning-system\data\full_resolution_real\suit_AR-12026_T000_20140404225959.fits,2014-04-05T22:59:59+00:00,2014-04-06T22:59:59+00:00,0,0,-6.1441
SEQ_AR-12026_201404050559,AR-12026,2014-04-05T05:59:59+00:00,C:\Users\aarus\Desktop\solar-flare-warning-system\data\full_resolution_real\suit_AR-12026_T002_20140404082701.fits,C:\Users\aarus\Desktop\solar-flare-warning-system\data\full_resolution_real\suit_AR-12026_T003_20140404094701.fits,C:\Users\aarus\Desktop\solar-flare-warning-system\data\full_resolution_real\suit_AR-12026_T000_20140404225959.fits,C:\Users\aarus\Desktop\solar-flare-warning-system\data\full_resolution_real\suit_AR-12026_T001_20140405055959.fits,2014-04-06T05:59:59+00:00,2014-04-07T05:59:59+00:00,0,0,-6.1441
SEQ_AR-12026_201404050929,AR-12026,2014-04-05T09:29:59+00:00,C:\Users\aarus\Desktop\solar-flare-warning-system\data\full_resolution_real\suit_AR-12026_T003_20140404094701.fits,C:\Users\aarus\Desktop\solar-flare-warning-system\data\full_resolution_real\suit_AR-12026_T000_20140404225959.fits,C:\Users\aarus\Desktop\solar-flare-warning-system\data\full_resolution_real\suit_AR-12026_T001_20140405055959.fits,C:\Users\aarus\Desktop\solar-flare-warning-system\data\full_resolution_real\suit_AR-12026_T002_20140405092959.fits,2014-04-06T09:29:59+00:00,2014-04-07T09:29:59+00:00,0,0,-6.1441
SEQ_AR-12026_201404051049,AR-12026,2014-04-05T10:49:59+00:00,C:\Users\aarus\Desktop\solar-flare-warning-system\data\full_resolution_real\suit_AR-12026_T000_20140404225959.fits,C:\Users\aarus\Desktop\solar-flare-warning-system\data\full_resolution_real\suit_AR-12026_T001_20140405055959.fits,C:\Users\aarus\Desktop\solar-flare-warning-system\data\full_resolution_real\suit_AR-12026_T002_20140405092959.fits,C:\Users\aarus\Desktop\solar-flare-warning-system\data\full_resolution_real\suit_AR-12026_T003_20140405104959.fits,2014-04-06T10:49:59+00:00,2014-04-07T10:49:59+00:00,0,0,-6.1441
SEQ_AR-12028_201404021150,AR-12028,2014-04-02T11:50:00+00:00,C:\Users\aarus\Desktop\solar-flare-warning-system\data\full_resolution_real\suit_AR-12028_T000_20140402000000.fits,C:\Users\aarus\Desktop\solar-flare-warning-system\data\full_resolution_real\suit_AR-12028_T001_20140402070000.fits,C:\Users\aarus\Desktop\solar-flare-warning-system\data\full_resolution_real\suit_AR-12028_T002_20140402103000.fits,C:\Users\aarus\Desktop\solar-flare-warning-system\data\full_resolution_real\suit_AR-12028_T003_20140402115000.fits,2014-04-03T11:50:00+00:00,2014-04-04T11:50:00+00:00,0,0,-8.0
SEQ_AR-12032_201404181922,AR-12032,2014-04-18T19:22:01+00:00,C:\Users\aarus\Desktop\solar-flare-warning-system\data\full_resolution_real\suit_AR-12032_T000_20140418073201.fits,C:\Users\aarus\Desktop\solar-flare-warning-system\data\full_resolution_real\suit_AR-12032_T001_20140418143201.fits,C:\Users\aarus\Desktop\solar-flare-warning-system\data\full_resolution_real\suit_AR-12032_T002_20140418180201.fits,C:\Users\aarus\Desktop\solar-flare-warning-system\data\full_resolution_real\suit_AR-12032_T003_20140418192201.fits,2014-04-19T19:22:01+00:00,2014-04-20T19:22:01+00:00,0,1,-5.2573
SEQ_AR-12033_201404101150,AR-12033,2014-04-10T11:50:00+00:00,C:\Users\aarus\Desktop\solar-flare-warning-system\data\full_resolution_real\suit_AR-12033_T000_20140410000000.fits,C:\Users\aarus\Desktop\solar-flare-warning-system\data\full_resolution_real\suit_AR-12033_T001_20140410070000.fits,C:\Users\aarus\Desktop\solar-flare-warning-system\data\full_resolution_real\suit_AR-12033_T002_20140410103000.fits,C:\Users\aarus\Desktop\solar-flare-warning-system\data\full_resolution_real\suit_AR-12033_T003_20140410115000.fits,2014-04-11T11:50:00+00:00,2014-04-12T11:50:00+00:00,0,0,-8.0
SEQ_AR-12034_201404200507,AR-12034,2014-04-20T05:07:15+00:00,C:\Users\aarus\Desktop\solar-flare-warning-system\data\full_resolution_real\suit_AR-12034_T000_20140419171715.fits,C:\Users\aarus\Desktop\solar-flare-warning-system\data\full_resolution_real\suit_AR-12034_T001_20140420001715.fits,C:\Users\aarus\Desktop\solar-flare-warning-system\data\full_resolution_real\suit_AR-12034_T002_20140420034715.fits,C:\Users\aarus\Desktop\solar-flare-warning-system\data\full_resolution_real\suit_AR-12034_T003_20140420050715.fits,2014-04-21T05:07:15+00:00,2014-04-22T05:07:15+00:00,0,1,-5.699
SEQ_AR-12036_201404200624,AR-12036,2014-04-20T06:24:01+00:00,C:\Users\aarus\Desktop\solar-flare-warning-system\data\full_resolution_real\suit_AR-12036_T000_20140419183401.fits,C:\Users\aarus\Desktop\solar-flare-warning-system\data\full_resolution_real\suit_AR-12036_T001_20140420013401.fits,C:\Users\aarus\Desktop\solar-flare-warning-system\data\full_resolution_real\suit_AR-12036_T002_20140420050401.fits,C:\Users\aarus\Desktop\solar-flare-warning-system\data\full_resolution_real\suit_AR-12036_T003_20140420062401.fits,2014-04-21T06:24:01+00:00,2014-04-22T06:24:01+00:00,0,1,-5.8502
SEQ_AR-12037_201404200541,AR-12037,2014-04-20T05:41:53+00:00,C:\Users\aarus\Desktop\solar-flare-warning-system\data\full_resolution_real\suit_AR-12037_T000_20140419175153.fits,C:\Users\aarus\Desktop\solar-flare-warning-system\data\full_resolution_real\suit_AR-12037_T001_20140420005153.fits,C:\Users\aarus\Desktop\solar-flare-warning-system\data\full_resolution_real\suit_AR-12037_T002_20140420042153.fits,C:\Users\aarus\Desktop\solar-flare-warning-system\data\full_resolution_real\suit_AR-12037_T003_20140420054153.fits,2014-04-21T05:41:53+00:00,2014-04-22T05:41:53+00:00,0,0,-8.0
SEQ_AR-12038_201404161150,AR-12038,2014-04-16T11:50:00+00:00,C:\Users\aarus\Desktop\solar-flare-warning-system\data\full_resolution_real\suit_AR-12038_T000_20140416000000.fits,C:\Users\aarus\Desktop\solar-flare-warning-system\data\full_resolution_real\suit_AR-12038_T001_20140416070000.fits,C:\Users\aarus\Desktop\solar-flare-warning-system\data\full_resolution_real\suit_AR-12038_T002_20140416103000.fits,C:\Users\aarus\Desktop\solar-flare-warning-system\data\full_resolution_real\suit_AR-12038_T003_20140416115000.fits,2014-04-17T11:50:00+00:00,2014-04-18T11:50:00+00:00,0,0,-8.0
SEQ_AR-12038_201404210802,AR-12038,2014-04-21T08:02:00+00:00,C:\Users\aarus\Desktop\solar-flare-warning-system\data\full_resolution_real\suit_AR-12038_T001_20140416070000.fits,C:\Users\aarus\Desktop\solar-flare-warning-system\data\full_resolution_real\suit_AR-12038_T002_20140416103000.fits,C:\Users\aarus\Desktop\solar-flare-warning-system\data\full_resolution_real\suit_AR-12038_T003_20140416115000.fits,C:\Users\aarus\Desktop\solar-flare-warning-system\data\full_resolution_real\suit_AR-12038_T000_20140421080200.fits,2014-04-22T08:02:00+00:00,2014-04-23T08:02:00+00:00,0,1,-5.2218
SEQ_AR-12038_201404211502,AR-12038,2014-04-21T15:02:00+00:00,C:\Users\aarus\Desktop\solar-flare-warning-system\data\full_resolution_real\suit_AR-12038_T002_20140416103000.fits,C:\Users\aarus\Desktop\solar-flare-warning-system\data\full_resolution_real\suit_AR-12038_T003_20140416115000.fits,C:\Users\aarus\Desktop\solar-flare-warning-system\data\full_resolution_real\suit_AR-12038_T000_20140421080200.fits,C:\Users\aarus\Desktop\solar-flare-warning-system\data\full_resolution_real\suit_AR-12038_T001_20140421150200.fits,2014-04-22T15:02:00+00:00,2014-04-23T15:02:00+00:00,0,1,-5.2218
SEQ_AR-12038_201404211832,AR-12038,2014-04-21T18:32:00+00:00,C:\Users\aarus\Desktop\solar-flare-warning-system\data\full_resolution_real\suit_AR-12038_T003_20140416115000.fits,C:\Users\aarus\Desktop\solar-flare-warning-system\data\full_resolution_real\suit_AR-12038_T000_20140421080200.fits,C:\Users\aarus\Desktop\solar-flare-warning-system\data\full_resolution_real\suit_AR-12038_T001_20140421150200.fits,C:\Users\aarus\Desktop\solar-flare-warning-system\data\full_resolution_real\suit_AR-12038_T002_20140421183200.fits,2014-04-22T18:32:00+00:00,2014-04-23T18:32:00+00:00,0,1,-5.2218
SEQ_AR-12038_201404211952,AR-12038,2014-04-21T19:52:00+00:00,C:\Users\aarus\Desktop\solar-flare-warning-system\data\full_resolution_real\suit_AR-12038_T000_20140421080200.fits,C:\Users\aarus\Desktop\solar-flare-warning-system\data\full_resolution_real\suit_AR-12038_T001_20140421150200.fits,C:\Users\aarus\Desktop\solar-flare-warning-system\data\full_resolution_real\suit_AR-12038_T002_20140421183200.fits,C:\Users\aarus\Desktop\solar-flare-warning-system\data\full_resolution_real\suit_AR-12038_T003_20140421195200.fits,2014-04-22T19:52:00+00:00,2014-04-23T19:52:00+00:00,0,1,-5.2218
SEQ_AR-12039_201404180417,AR-12039,2014-04-18T04:17:55+00:00,C:\Users\aarus\Desktop\solar-flare-warning-system\data\full_resolution_real\suit_AR-12039_T000_20140417162755.fits,C:\Users\aarus\Desktop\solar-flare-warning-system\data\full_resolution_real\suit_AR-12039_T001_20140417232755.fits,C:\Users\aarus\Desktop\solar-flare-warning-system\data\full_resolution_real\suit_AR-12039_T002_20140418025755.fits,C:\Users\aarus\Desktop\solar-flare-warning-system\data\full_resolution_real\suit_AR-12039_T003_20140418041755.fits,2014-04-19T04:17:55+00:00,2014-04-20T04:17:55+00:00,0,0,-8.0
SEQ_AR-12044_201404242343,AR-12044,2014-04-24T23:43:00+00:00,C:\Users\aarus\Desktop\solar-flare-warning-system\data\full_resolution_real\suit_AR-12044_T000_20140424115300.fits,C:\Users\aarus\Desktop\solar-flare-warning-system\data\full_resolution_real\suit_AR-12044_T001_20140424185300.fits,C:\Users\aarus\Desktop\solar-flare-warning-system\data\full_resolution_real\suit_AR-12044_T002_20140424222300.fits,C:\Users\aarus\Desktop\solar-flare-warning-system\data\full_resolution_real\suit_AR-12044_T003_20140424234300.fits,2014-04-25T23:43:00+00:00,2014-04-26T23:43:00+00:00,0,0,-8.0
SEQ_AR-12049_201405070617,AR-12049,2014-05-07T06:17:04+00:00,C:\Users\aarus\Desktop\solar-flare-warning-system\data\full_resolution_real\suit_AR-12049_T000_20140506182704.fits,C:\Users\aarus\Desktop\solar-flare-warning-system\data\full_resolution_real\suit_AR-12049_T001_20140507012704.fits,C:\Users\aarus\Desktop\solar-flare-warning-system\data\full_resolution_real\suit_AR-12049_T002_20140507045704.fits,C:\Users\aarus\Desktop\solar-flare-warning-system\data\full_resolution_real\suit_AR-12049_T003_20140507061704.fits,2014-05-08T06:17:04+00:00,2014-05-09T06:17:04+00:00,0,0,-8.0
SEQ_AR-12056_201405122214,AR-12056,2014-05-12T22:14:01+00:00,C:\Users\aarus\Desktop\solar-flare-warning-system\data\full_resolution_real\suit_AR-12056_T000_20140512102401.fits,C:\Users\aarus\Desktop\solar-flare-warning-system\data\full_resolution_real\suit_AR-12056_T001_20140512172401.fits,C:\Users\aarus\Desktop\solar-flare-warning-system\data\full_resolution_real\suit_AR-12056_T002_20140512205401.fits,C:\Users\aarus\Desktop\solar-flare-warning-system\data\full_resolution_real\suit_AR-12056_T003_20140512221401.fits,2014-05-13T22:14:01+00:00,2014-05-14T22:14:01+00:00,0,1,-5.0969
SEQ_AR-12057_201405102149,AR-12057,2014-05-10T21:49:00+00:00,C:\Users\aarus\Desktop\solar-flare-warning-system\data\full_resolution_real\suit_AR-12057_T000_20140510095900.fits,C:\Users\aarus\Desktop\solar-flare-warning-system\data\full_resolution_real\suit_AR-12057_T001_20140510165900.fits,C:\Users\aarus\Desktop\solar-flare-warning-system\data\full_resolution_real\suit_AR-12057_T002_20140510202900.fits,C:\Users\aarus\Desktop\solar-flare-warning-system\data\full_resolution_real\suit_AR-12057_T003_20140510214900.fits,2014-05-11T21:49:00+00:00,2014-05-12T21:49:00+00:00,0,0,-8.0
SEQ_AR-12060_201405190138,AR-12060,2014-05-19T01:38:01+00:00,C:\Users\aarus\Desktop\solar-flare-warning-system\data\full_resolution_real\suit_AR-12060_T000_20140518134801.fits,C:\Users\aarus\Desktop\solar-flare-warning-system\data\full_resolution_real\suit_AR-12060_T001_20140518204801.fits,C:\Users\aarus\Desktop\solar-flare-warning-system\data\full_resolution_real\suit_AR-12060_T002_20140519001801.fits,C:\Users\aarus\Desktop\solar-flare-warning-system\data\full_resolution_real\suit_AR-12060_T003_20140519013801.fits,2014-05-20T01:38:01+00:00,2014-05-21T01:38:01+00:00,0,1,-5.6507
SEQ_AR-12064_201405151302,AR-12064,2014-05-15T13:02:00+00:00,C:\Users\aarus\Desktop\solar-flare-warning-system\data\full_resolution_real\suit_AR-12064_T000_20140515011200.fits,C:\Users\aarus\Desktop\solar-flare-warning-system\data\full_resolution_real\suit_AR-12064_T001_20140515081200.fits,C:\Users\aarus\Desktop\solar-flare-warning-system\data\full_resolution_real\suit_AR-12064_T002_20140515114200.fits,C:\Users\aarus\Desktop\solar-flare-warning-system\data\full_resolution_real\suit_AR-12064_T003_20140515130200.fits,2014-05-16T13:02:00+00:00,2014-05-17T13:02:00+00:00,0,0,-8.0
SEQ_AR-12072_201405272350,AR-12072,2014-05-27T23:50:00+00:00,C:\Users\aarus\Desktop\solar-flare-warning-system\data\full_resolution_real\suit_AR-12072_T000_20140527120000.fits,C:\Users\aarus\Desktop\solar-flare-warning-system\data\full_resolution_real\suit_AR-12072_T001_20140527190000.fits,C:\Users\aarus\Desktop\solar-flare-warning-system\data\full_resolution_real\suit_AR-12072_T002_20140527223000.fits,C:\Users\aarus\Desktop\solar-flare-warning-system\data\full_resolution_real\suit_AR-12072_T003_20140527235000.fits,2014-05-28T23:50:00+00:00,2014-05-29T23:50:00+00:00,0,0,-8.0
SEQ_AR-12076_201405301313,AR-12076,2014-05-30T13:13:01+00:00,C:\Users\aarus\Desktop\solar-flare-warning-system\data\full_resolution_real\suit_AR-12076_T000_20140530012301.fits,C:\Users\aarus\Desktop\solar-flare-warning-system\data\full_resolution_real\suit_AR-12076_T001_20140530082301.fits,C:\Users\aarus\Desktop\solar-flare-warning-system\data\full_resolution_real\suit_AR-12076_T002_20140530115301.fits,C:\Users\aarus\Desktop\solar-flare-warning-system\data\full_resolution_real\suit_AR-12076_T003_20140530131301.fits,2014-05-31T13:13:01+00:00,2014-06-01T13:13:01+00:00,0,0,-6.1513
SEQ_AR-12079_201406022325,AR-12079,2014-06-02T23:25:00+00:00,C:\Users\aarus\Desktop\solar-flare-warning-system\data\full_resolution_real\suit_AR-12079_T000_20140602113500.fits,C:\Users\aarus\Desktop\solar-flare-warning-system\data\full_resolution_real\suit_AR-12079_T001_20140602183500.fits,C:\Users\aarus\Desktop\solar-flare-warning-system\data\full_resolution_real\suit_AR-12079_T002_20140602220500.fits,C:\Users\aarus\Desktop\solar-flare-warning-system\data\full_resolution_real\suit_AR-12079_T003_20140602232500.fits,2014-06-03T23:25:00+00:00,2014-06-04T23:25:00+00:00,0,0,-8.0
SEQ_AR-12082_201406131152,AR-12082,2014-06-13T11:52:00+00:00,C:\Users\aarus\Desktop\solar-flare-warning-system\data\full_resolution_real\suit_AR-12082_T000_20140612235200.fits,C:\Users\aarus\Desktop\solar-flare-warning-system\data\full_resolution_real\suit_AR-12082_T001_20140613070200.fits,C:\Users\aarus\Desktop\solar-flare-warning-system\data\full_resolution_real\suit_AR-12082_T002_20140613103200.fits,C:\Users\aarus\Desktop\solar-flare-warning-system\data\full_resolution_real\suit_AR-12082_T003_20140613115200.fits,2014-06-14T11:52:00+00:00,2014-06-15T11:52:00+00:00,0,1,-5.5315
SEQ_AR-12083_201406061150,AR-12083,2014-06-06T11:50:00+00:00,C:\Users\aarus\Desktop\solar-flare-warning-system\data\full_resolution_real\suit_AR-12083_T000_20140606000000.fits,C:\Users\aarus\Desktop\solar-flare-warning-system\data\full_resolution_real\suit_AR-12083_T001_20140606070000.fits,C:\Users\aarus\Desktop\solar-flare-warning-system\data\full_resolution_real\suit_AR-12083_T002_20140606103000.fits,C:\Users\aarus\Desktop\solar-flare-warning-system\data\full_resolution_real\suit_AR-12083_T003_20140606115000.fits,2014-06-07T11:50:00+00:00,2014-06-08T11:50:00+00:00,0,1,-5.4523
SEQ_AR-12084_201406101616,AR-12084,2014-06-10T16:16:30+00:00,C:\Users\aarus\Desktop\solar-flare-warning-system\data\full_resolution_real\suit_AR-12084_T000_20140610042630.fits,C:\Users\aarus\Desktop\solar-flare-warning-system\data\full_resolution_real\suit_AR-12084_T001_20140610112630.fits,C:\Users\aarus\Desktop\solar-flare-warning-system\data\full_resolution_real\suit_AR-12084_T002_20140610145630.fits,C:\Users\aarus\Desktop\solar-flare-warning-system\data\full_resolution_real\suit_AR-12084_T003_20140610161630.fits,2014-06-11T16:16:30+00:00,2014-06-12T16:16:30+00:00,0,0,-8.0
SEQ_AR-12085_201406131913,AR-12085,2014-06-13T19:13:00+00:00,C:\Users\aarus\Desktop\solar-flare-warning-system\data\full_resolution_real\suit_AR-12085_T000_20140613072300.fits,C:\Users\aarus\Desktop\solar-flare-warning-system\data\full_resolution_real\suit_AR-12085_T001_20140613142300.fits,C:\Users\aarus\Desktop\solar-flare-warning-system\data\full_resolution_real\suit_AR-12085_T002_20140613175300.fits,C:\Users\aarus\Desktop\solar-flare-warning-system\data\full_resolution_real\suit_AR-12085_T003_20140613191300.fits,2014-06-14T19:13:00+00:00,2014-06-15T19:13:00+00:00,0,1,-5.5492
SEQ_AR-12089_201406191537,AR-12089,2014-06-19T15:37:00+00:00,C:\Users\aarus\Desktop\solar-flare-warning-system\data\full_resolution_real\suit_AR-12089_T000_20140619034700.fits,C:\Users\aarus\Desktop\solar-flare-warning-system\data\full_resolution_real\suit_AR-12089_T001_20140619104700.fits,C:\Users\aarus\Desktop\solar-flare-warning-system\data\full_resolution_real\suit_AR-12089_T002_20140619141700.fits,C:\Users\aarus\Desktop\solar-flare-warning-system\data\full_resolution_real\suit_AR-12089_T003_20140619153700.fits,2014-06-20T15:37:00+00:00,2014-06-21T15:37:00+00:00,0,0,-8.0
SEQ_AR-12092_201406220438,AR-12092,2014-06-22T04:38:01+00:00,C:\Users\aarus\Desktop\solar-flare-warning-system\data\full_resolution_real\suit_AR-12092_T000_20140621164801.fits,C:\Users\aarus\Desktop\solar-flare-warning-system\data\full_resolution_real\suit_AR-12092_T001_20140621234801.fits,C:\Users\aarus\Desktop\solar-flare-warning-system\data\full_resolution_real\suit_AR-12092_T002_20140622031801.fits,C:\Users\aarus\Desktop\solar-flare-warning-system\data\full_resolution_real\suit_AR-12092_T003_20140622043801.fits,2014-06-23T04:38:01+00:00,2014-06-24T04:38:01+00:00,0,0,-6.3062
SEQ_AR-12093_201406211109,AR-12093,2014-06-21T11:09:00+00:00,C:\Users\aarus\Desktop\solar-flare-warning-system\data\full_resolution_real\suit_AR-12093_T000_20140620231900.fits,C:\Users\aarus\Desktop\solar-flare-warning-system\data\full_resolution_real\suit_AR-12093_T001_20140621061900.fits,C:\Users\aarus\Desktop\solar-flare-warning-system\data\full_resolution_real\suit_AR-12093_T002_20140621094900.fits,C:\Users\aarus\Desktop\solar-flare-warning-system\data\full_resolution_real\suit_AR-12093_T003_20140621110900.fits,2014-06-22T11:09:00+00:00,2014-06-23T11:09:00+00:00,0,1,-5.6072
SEQ_AR-12097_201407020321,AR-12097,2014-07-02T03:21:59+00:00,C:\Users\aarus\Desktop\solar-flare-warning-system\data\full_resolution_real\suit_AR-12097_T000_20140701153159.fits,C:\Users\aarus\Desktop\solar-flare-warning-system\data\full_resolution_real\suit_AR-12097_T001_20140701223159.fits,C:\Users\aarus\Desktop\solar-flare-warning-system\data\full_resolution_real\suit_AR-12097_T002_20140702020159.fits,C:\Users\aarus\Desktop\solar-flare-warning-system\data\full_resolution_real\suit_AR-12097_T003_20140702032159.fits,2014-07-03T03:21:59+00:00,2014-07-04T03:21:59+00:00,0,0,-8.0
SEQ_AR-12103_201406291150,AR-12103,2014-06-29T11:50:00+00:00,C:\Users\aarus\Desktop\solar-flare-warning-system\data\full_resolution_real\suit_AR-12103_T000_20140629000000.fits,C:\Users\aarus\Desktop\solar-flare-warning-system\data\full_resolution_real\suit_AR-12103_T001_20140629070000.fits,C:\Users\aarus\Desktop\solar-flare-warning-system\data\full_resolution_real\suit_AR-12103_T002_20140629103000.fits,C:\Users\aarus\Desktop\solar-flare-warning-system\data\full_resolution_real\suit_AR-12103_T003_20140629115000.fits,2014-06-30T11:50:00+00:00,2014-07-01T11:50:00+00:00,0,0,-8.0
SEQ_AR-12105_201407010055,AR-12105,2014-07-01T00:55:19+00:00,C:\Users\aarus\Desktop\solar-flare-warning-system\data\full_resolution_real\suit_AR-12105_T000_20140630130519.fits,C:\Users\aarus\Desktop\solar-flare-warning-system\data\full_resolution_real\suit_AR-12105_T001_20140630200519.fits,C:\Users\aarus\Desktop\solar-flare-warning-system\data\full_resolution_real\suit_AR-12105_T002_20140630233519.fits,C:\Users\aarus\Desktop\solar-flare-warning-system\data\full_resolution_real\suit_AR-12105_T003_20140701005519.fits,2014-07-02T00:55:19+00:00,2014-07-03T00:55:19+00:00,0,0,-8.0
SEQ_AR-12106_201406301150,AR-12106,2014-06-30T11:50:00+00:00,C:\Users\aarus\Desktop\solar-flare-warning-system\data\full_resolution_real\suit_AR-12106_T000_20140630000000.fits,C:\Users\aarus\Desktop\solar-flare-warning-system\data\full_resolution_real\suit_AR-12106_T001_20140630070000.fits,C:\Users\aarus\Desktop\solar-flare-warning-system\data\full_resolution_real\suit_AR-12106_T002_20140630103000.fits,C:\Users\aarus\Desktop\solar-flare-warning-system\data\full_resolution_real\suit_AR-12106_T003_20140630115000.fits,2014-07-01T11:50:00+00:00,2014-07-02T11:50:00+00:00,1,2,-4.7833
SEQ_AR-12109_201407120853,AR-12109,2014-07-12T08:53:01+00:00,C:\Users\aarus\Desktop\solar-flare-warning-system\data\full_resolution_real\suit_AR-12109_T000_20140711210301.fits,C:\Users\aarus\Desktop\solar-flare-warning-system\data\full_resolution_real\suit_AR-12109_T001_20140712040301.fits,C:\Users\aarus\Desktop\solar-flare-warning-system\data\full_resolution_real\suit_AR-12109_T002_20140712073301.fits,C:\Users\aarus\Desktop\solar-flare-warning-system\data\full_resolution_real\suit_AR-12109_T003_20140712085301.fits,2014-07-13T08:53:01+00:00,2014-07-14T08:53:01+00:00,0,1,-5.1232
SEQ_AR-12121_201407292257,AR-12121,2014-07-29T22:57:00+00:00,C:\Users\aarus\Desktop\solar-flare-warning-system\data\full_resolution_real\suit_AR-12121_T000_20140729110700.fits,C:\Users\aarus\Desktop\solar-flare-warning-system\data\full_resolution_real\suit_AR-12121_T001_20140729180700.fits,C:\Users\aarus\Desktop\solar-flare-warning-system\data\full_resolution_real\suit_AR-12121_T002_20140729213700.fits,C:\Users\aarus\Desktop\solar-flare-warning-system\data\full_resolution_real\suit_AR-12121_T003_20140729225700.fits,2014-07-30T22:57:00+00:00,2014-07-31T22:57:00+00:00,0,0,-8.0
SEQ_AR-12121_201408012023,AR-12121,2014-08-01T20:23:33+00:00,C:\Users\aarus\Desktop\solar-flare-warning-system\data\full_resolution_real\suit_AR-12121_T001_20140729180700.fits,C:\Users\aarus\Desktop\solar-flare-warning-system\data\full_resolution_real\suit_AR-12121_T002_20140729213700.fits,C:\Users\aarus\Desktop\solar-flare-warning-system\data\full_resolution_real\suit_AR-12121_T003_20140729225700.fits,C:\Users\aarus\Desktop\solar-flare-warning-system\data\full_resolution_real\suit_AR-12121_T000_20140801202333.fits,2014-08-02T20:23:33+00:00,2014-08-03T20:23:33+00:00,0,0,-8.0
SEQ_AR-12121_201408020323,AR-12121,2014-08-02T03:23:33+00:00,C:\Users\aarus\Desktop\solar-flare-warning-system\data\full_resolution_real\suit_AR-12121_T002_20140729213700.fits,C:\Users\aarus\Desktop\solar-flare-warning-system\data\full_resolution_real\suit_AR-12121_T003_20140729225700.fits,C:\Users\aarus\Desktop\solar-flare-warning-system\data\full_resolution_real\suit_AR-12121_T000_20140801202333.fits,C:\Users\aarus\Desktop\solar-flare-warning-system\data\full_resolution_real\suit_AR-12121_T001_20140802032333.fits,2014-08-03T03:23:33+00:00,2014-08-04T03:23:33+00:00,0,0,-8.0
SEQ_AR-12121_201408020653,AR-12121,2014-08-02T06:53:33+00:00,C:\Users\aarus\Desktop\solar-flare-warning-system\data\full_resolution_real\suit_AR-12121_T003_20140729225700.fits,C:\Users\aarus\Desktop\solar-flare-warning-system\data\full_resolution_real\suit_AR-12121_T000_20140801202333.fits,C:\Users\aarus\Desktop\solar-flare-warning-system\data\full_resolution_real\suit_AR-12121_T001_20140802032333.fits,C:\Users\aarus\Desktop\solar-flare-warning-system\data\full_resolution_real\suit_AR-12121_T002_20140802065333.fits,2014-08-03T06:53:33+00:00,2014-08-04T06:53:33+00:00,0,0,-8.0
SEQ_AR-12121_201408020813,AR-12121,2014-08-02T08:13:33+00:00,C:\Users\aarus\Desktop\solar-flare-warning-system\data\full_resolution_real\suit_AR-12121_T000_20140801202333.fits,C:\Users\aarus\Desktop\solar-flare-warning-system\data\full_resolution_real\suit_AR-12121_T001_20140802032333.fits,C:\Users\aarus\Desktop\solar-flare-warning-system\data\full_resolution_real\suit_AR-12121_T002_20140802065333.fits,C:\Users\aarus\Desktop\solar-flare-warning-system\data\full_resolution_real\suit_AR-12121_T003_20140802081333.fits,2014-08-03T08:13:33+00:00,2014-08-04T08:13:33+00:00,0,0,-8.0
SEQ_AR-12125_201407271150,AR-12125,2014-07-27T11:50:00+00:00,C:\Users\aarus\Desktop\solar-flare-warning-system\data\full_resolution_real\suit_AR-12125_T000_20140727000000.fits,C:\Users\aarus\Desktop\solar-flare-warning-system\data\full_resolution_real\suit_AR-12125_T001_20140727070000.fits,C:\Users\aarus\Desktop\solar-flare-warning-system\data\full_resolution_real\suit_AR-12125_T002_20140727103000.fits,C:\Users\aarus\Desktop\solar-flare-warning-system\data\full_resolution_real\suit_AR-12125_T003_20140727115000.fits,2014-07-28T11:50:00+00:00,2014-07-29T11:50:00+00:00,0,1,-5.8502
SEQ_AR-12125_201408021159,AR-12125,2014-08-02T11:59:59+00:00,C:\Users\aarus\Desktop\solar-flare-warning-system\data\full_resolution_real\suit_AR-12125_T001_20140727070000.fits,C:\Users\aarus\Desktop\solar-flare-warning-system\data\full_resolution_real\suit_AR-12125_T002_20140727103000.fits,C:\Users\aarus\Desktop\solar-flare-warning-system\data\full_resolution_real\suit_AR-12125_T003_20140727115000.fits,C:\Users\aarus\Desktop\solar-flare-warning-system\data\full_resolution_real\suit_AR-12125_T000_20140802115959.fits,2014-08-03T11:59:59+00:00,2014-08-04T11:59:59+00:00,0,0,-8.0
SEQ_AR-12125_201408021859,AR-12125,2014-08-02T18:59:59+00:00,C:\Users\aarus\Desktop\solar-flare-warning-system\data\full_resolution_real\suit_AR-12125_T002_20140727103000.fits,C:\Users\aarus\Desktop\solar-flare-warning-system\data\full_resolution_real\suit_AR-12125_T003_20140727115000.fits,C:\Users\aarus\Desktop\solar-flare-warning-system\data\full_resolution_real\suit_AR-12125_T000_20140802115959.fits,C:\Users\aarus\Desktop\solar-flare-warning-system\data\full_resolution_real\suit_AR-12125_T001_20140802185959.fits,2014-08-03T18:59:59+00:00,2014-08-04T18:59:59+00:00,0,0,-8.0
SEQ_AR-12125_201408022229,AR-12125,2014-08-02T22:29:59+00:00,C:\Users\aarus\Desktop\solar-flare-warning-system\data\full_resolution_real\suit_AR-12125_T003_20140727115000.fits,C:\Users\aarus\Desktop\solar-flare-warning-system\data\full_resolution_real\suit_AR-12125_T000_20140802115959.fits,C:\Users\aarus\Desktop\solar-flare-warning-system\data\full_resolution_real\suit_AR-12125_T001_20140802185959.fits,C:\Users\aarus\Desktop\solar-flare-warning-system\data\full_resolution_real\suit_AR-12125_T002_20140802222959.fits,2014-08-03T22:29:59+00:00,2014-08-04T22:29:59+00:00,0,0,-8.0
SEQ_AR-12125_201408022349,AR-12125,2014-08-02T23:49:59+00:00,C:\Users\aarus\Desktop\solar-flare-warning-system\data\full_resolution_real\suit_AR-12125_T000_20140802115959.fits,C:\Users\aarus\Desktop\solar-flare-warning-system\data\full_resolution_real\suit_AR-12125_T001_20140802185959.fits,C:\Users\aarus\Desktop\solar-flare-warning-system\data\full_resolution_real\suit_AR-12125_T002_20140802222959.fits,C:\Users\aarus\Desktop\solar-flare-warning-system\data\full_resolution_real\suit_AR-12125_T003_20140802234959.fits,2014-08-03T23:49:59+00:00,2014-08-04T23:49:59+00:00,0,0,-8.0
SEQ_AR-12126_201408032350,AR-12126,2014-08-03T23:50:00+00:00,C:\Users\aarus\Desktop\solar-flare-warning-system\data\full_resolution_real\suit_AR-12126_T000_20140803115000.fits,C:\Users\aarus\Desktop\solar-flare-warning-system\data\full_resolution_real\suit_AR-12126_T001_20140803190000.fits,C:\Users\aarus\Desktop\solar-flare-warning-system\data\full_resolution_real\suit_AR-12126_T002_20140803223000.fits,C:\Users\aarus\Desktop\solar-flare-warning-system\data\full_resolution_real\suit_AR-12126_T003_20140803235000.fits,2014-08-04T23:50:00+00:00,2014-08-05T23:50:00+00:00,0,1,-5.3979
SEQ_AR-12127_201407290538,AR-12127,2014-07-29T05:38:01+00:00,C:\Users\aarus\Desktop\solar-flare-warning-system\data\full_resolution_real\suit_AR-12127_T000_20140728174801.fits,C:\Users\aarus\Desktop\solar-flare-warning-system\data\full_resolution_real\suit_AR-12127_T001_20140729004801.fits,C:\Users\aarus\Desktop\solar-flare-warning-system\data\full_resolution_real\suit_AR-12127_T002_20140729041801.fits,C:\Users\aarus\Desktop\solar-flare-warning-system\data\full_resolution_real\suit_AR-12127_T003_20140729053801.fits,2014-07-30T05:38:01+00:00,2014-07-31T05:38:01+00:00,0,1,-5.6507
SEQ_AR-12130_201408082154,AR-12130,2014-08-08T21:54:07+00:00,C:\Users\aarus\Desktop\solar-flare-warning-system\data\full_resolution_real\suit_AR-12130_T000_20140808100407.fits,C:\Users\aarus\Desktop\solar-flare-warning-system\data\full_resolution_real\suit_AR-12130_T001_20140808170407.fits,C:\Users\aarus\Desktop\solar-flare-warning-system\data\full_resolution_real\suit_AR-12130_T002_20140808203407.fits,C:\Users\aarus\Desktop\solar-flare-warning-system\data\full_resolution_real\suit_AR-12130_T003_20140808215407.fits,2014-08-09T21:54:07+00:00,2014-08-10T21:54:07+00:00,0,0,-8.0
SEQ_AR-12132_201408032248,AR-12132,2014-08-03T22:48:01+00:00,C:\Users\aarus\Desktop\solar-flare-warning-system\data\full_resolution_real\suit_AR-12132_T000_20140803105801.fits,C:\Users\aarus\Desktop\solar-flare-warning-system\data\full_resolution_real\suit_AR-12132_T001_20140803175801.fits,C:\Users\aarus\Desktop\solar-flare-warning-system\data\full_resolution_real\suit_AR-12132_T002_20140803212801.fits,C:\Users\aarus\Desktop\solar-flare-warning-system\data\full_resolution_real\suit_AR-12132_T003_20140803224801.fits,2014-08-04T22:48:01+00:00,2014-08-05T22:48:01+00:00,0,1,-5.587
SEQ_AR-12132_201408040218,AR-12132,2014-08-04T02:18:01+00:00,C:\Users\aarus\Desktop\solar-flare-warning-system\data\full_resolution_real\suit_AR-12132_T001_20140803175801.fits,C:\Users\aarus\Desktop\solar-flare-warning-system\data\full_resolution_real\suit_AR-12132_T002_20140803212801.fits,C:\Users\aarus\Desktop\solar-flare-warning-system\data\full_resolution_real\suit_AR-12132_T003_20140803224801.fits,C:\Users\aarus\Desktop\solar-flare-warning-system\data\full_resolution_real\suit_AR-12132_T000_20140804021801.fits,2014-08-05T02:18:01+00:00,2014-08-06T02:18:01+00:00,0,1,-5.587
SEQ_AR-12132_201408040918,AR-12132,2014-08-04T09:18:01+00:00,C:\Users\aarus\Desktop\solar-flare-warning-system\data\full_resolution_real\suit_AR-12132_T002_20140803212801.fits,C:\Users\aarus\Desktop\solar-flare-warning-system\data\full_resolution_real\suit_AR-12132_T003_20140803224801.fits,C:\Users\aarus\Desktop\solar-flare-warning-system\data\full_resolution_real\suit_AR-12132_T000_20140804021801.fits,C:\Users\aarus\Desktop\solar-flare-warning-system\data\full_resolution_real\suit_AR-12132_T001_20140804091801.fits,2014-08-05T09:18:01+00:00,2014-08-06T09:18:01+00:00,0,1,-5.587
SEQ_AR-12132_201408041248,AR-12132,2014-08-04T12:48:01+00:00,C:\Users\aarus\Desktop\solar-flare-warning-system\data\full_resolution_real\suit_AR-12132_T003_20140803224801.fits,C:\Users\aarus\Desktop\solar-flare-warning-system\data\full_resolution_real\suit_AR-12132_T000_20140804021801.fits,C:\Users\aarus\Desktop\solar-flare-warning-system\data\full_resolution_real\suit_AR-12132_T001_20140804091801.fits,C:\Users\aarus\Desktop\solar-flare-warning-system\data\full_resolution_real\suit_AR-12132_T002_20140804124801.fits,2014-08-05T12:48:01+00:00,2014-08-06T12:48:01+00:00,0,1,-5.587
SEQ_AR-12132_201408041408,AR-12132,2014-08-04T14:08:01+00:00,C:\Users\aarus\Desktop\solar-flare-warning-system\data\full_resolution_real\suit_AR-12132_T000_20140804021801.fits,C:\Users\aarus\Desktop\solar-flare-warning-system\data\full_resolution_real\suit_AR-12132_T001_20140804091801.fits,C:\Users\aarus\Desktop\solar-flare-warning-system\data\full_resolution_real\suit_AR-12132_T002_20140804124801.fits,C:\Users\aarus\Desktop\solar-flare-warning-system\data\full_resolution_real\suit_AR-12132_T003_20140804140801.fits,2014-08-05T14:08:01+00:00,2014-08-06T14:08:01+00:00,0,1,-5.587
SEQ_AR-12132_201408050827,AR-12132,2014-08-05T08:27:00+00:00,C:\Users\aarus\Desktop\solar-flare-warning-system\data\full_resolution_real\suit_AR-12132_T001_20140804091801.fits,C:\Users\aarus\Desktop\solar-flare-warning-system\data\full_resolution_real\suit_AR-12132_T002_20140804124801.fits,C:\Users\aarus\Desktop\solar-flare-warning-system\data\full_resolution_real\suit_AR-12132_T003_20140804140801.fits,C:\Users\aarus\Desktop\solar-flare-warning-system\data\full_resolution_real\suit_AR-12132_T000_20140805082700.fits,2014-08-06T08:27:00+00:00,2014-08-07T08:27:00+00:00,0,1,-5.5315
SEQ_AR-12132_201408051527,AR-12132,2014-08-05T15:27:00+00:00,C:\Users\aarus\Desktop\solar-flare-warning-system\data\full_resolution_real\suit_AR-12132_T002_20140804124801.fits,C:\Users\aarus\Desktop\solar-flare-warning-system\data\full_resolution_real\suit_AR-12132_T003_20140804140801.fits,C:\Users\aarus\Desktop\solar-flare-warning-system\data\full_resolution_real\suit_AR-12132_T000_20140805082700.fits,C:\Users\aarus\Desktop\solar-flare-warning-system\data\full_resolution_real\suit_AR-12132_T001_20140805152700.fits,2014-08-06T15:27:00+00:00,2014-08-07T15:27:00+00:00,0,1,-5.5315
SEQ_AR-12132_201408051857,AR-12132,2014-08-05T18:57:00+00:00,C:\Users\aarus\Desktop\solar-flare-warning-system\data\full_resolution_real\suit_AR-12132_T003_20140804140801.fits,C:\Users\aarus\Desktop\solar-flare-warning-system\data\full_resolution_real\suit_AR-12132_T000_20140805082700.fits,C:\Users\aarus\Desktop\solar-flare-warning-system\data\full_resolution_real\suit_AR-12132_T001_20140805152700.fits,C:\Users\aarus\Desktop\solar-flare-warning-system\data\full_resolution_real\suit_AR-12132_T002_20140805185700.fits,2014-08-06T18:57:00+00:00,2014-08-07T18:57:00+00:00,0,1,-5.5315
SEQ_AR-12132_201408052017,AR-12132,2014-08-05T20:17:00+00:00,C:\Users\aarus\Desktop\solar-flare-warning-system\data\full_resolution_real\suit_AR-12132_T000_20140805082700.fits,C:\Users\aarus\Desktop\solar-flare-warning-system\data\full_resolution_real\suit_AR-12132_T001_20140805152700.fits,C:\Users\aarus\Desktop\solar-flare-warning-system\data\full_resolution_real\suit_AR-12132_T002_20140805185700.fits,C:\Users\aarus\Desktop\solar-flare-warning-system\data\full_resolution_real\suit_AR-12132_T003_20140805201700.fits,2014-08-06T20:17:00+00:00,2014-08-07T20:17:00+00:00,0,1,-5.5315
SEQ_AR-12132_201408080104,AR-12132,2014-08-08T01:04:16+00:00,C:\Users\aarus\Desktop\solar-flare-warning-system\data\full_resolution_real\suit_AR-12132_T001_20140805152700.fits,C:\Users\aarus\Desktop\solar-flare-warning-system\data\full_resolution_real\suit_AR-12132_T002_20140805185700.fits,C:\Users\aarus\Desktop\solar-flare-warning-system\data\full_resolution_real\suit_AR-12132_T003_20140805201700.fits,C:\Users\aarus\Desktop\solar-flare-warning-system\data\full_resolution_real\suit_AR-12132_T000_20140808010416.fits,2014-08-09T01:04:16+00:00,2014-08-10T01:04:16+00:00,0,1,-5.9294
SEQ_AR-12132_201408080804,AR-12132,2014-08-08T08:04:16+00:00,C:\Users\aarus\Desktop\solar-flare-warning-system\data\full_resolution_real\suit_AR-12132_T002_20140805185700.fits,C:\Users\aarus\Desktop\solar-flare-warning-system\data\full_resolution_real\suit_AR-12132_T003_20140805201700.fits,C:\Users\aarus\Desktop\solar-flare-warning-system\data\full_resolution_real\suit_AR-12132_T000_20140808010416.fits,C:\Users\aarus\Desktop\solar-flare-warning-system\data\full_resolution_real\suit_AR-12132_T001_20140808080416.fits,2014-08-09T08:04:16+00:00,2014-08-10T08:04:16+00:00,0,1,-5.9294
SEQ_AR-12132_201408081134,AR-12132,2014-08-08T11:34:16+00:00,C:\Users\aarus\Desktop\solar-flare-warning-system\data\full_resolution_real\suit_AR-12132_T003_20140805201700.fits,C:\Users\aarus\Desktop\solar-flare-warning-system\data\full_resolution_real\suit_AR-12132_T000_20140808010416.fits,C:\Users\aarus\Desktop\solar-flare-warning-system\data\full_resolution_real\suit_AR-12132_T001_20140808080416.fits,C:\Users\aarus\Desktop\solar-flare-warning-system\data\full_resolution_real\suit_AR-12132_T002_20140808113416.fits,2014-08-09T11:34:16+00:00,2014-08-10T11:34:16+00:00,0,1,-5.9294
SEQ_AR-12132_201408081254,AR-12132,2014-08-08T12:54:16+00:00,C:\Users\aarus\Desktop\solar-flare-warning-system\data\full_resolution_real\suit_AR-12132_T000_20140808010416.fits,C:\Users\aarus\Desktop\solar-flare-warning-system\data\full_resolution_real\suit_AR-12132_T001_20140808080416.fits,C:\Users\aarus\Desktop\solar-flare-warning-system\data\full_resolution_real\suit_AR-12132_T002_20140808113416.fits,C:\Users\aarus\Desktop\solar-flare-warning-system\data\full_resolution_real\suit_AR-12132_T003_20140808125416.fits,2014-08-09T12:54:16+00:00,2014-08-10T12:54:16+00:00,0,1,-5.9294
SEQ_AR-12135_201408102253,AR-12135,2014-08-10T22:53:20+00:00,C:\Users\aarus\Desktop\solar-flare-warning-system\data\full_resolution_real\suit_AR-12135_T000_20140810110320.fits,C:\Users\aarus\Desktop\solar-flare-warning-system\data\full_resolution_real\suit_AR-12135_T001_20140810180320.fits,C:\Users\aarus\Desktop\solar-flare-warning-system\data\full_resolution_real\suit_AR-12135_T002_20140810213320.fits,C:\Users\aarus\Desktop\solar-flare-warning-system\data\full_resolution_real\suit_AR-12135_T003_20140810225320.fits,2014-08-11T22:53:20+00:00,2014-08-12T22:53:20+00:00,0,0,-8.0
SEQ_AR-12139_201408140409,AR-12139,2014-08-14T04:09:00+00:00,C:\Users\aarus\Desktop\solar-flare-warning-system\data\full_resolution_real\suit_AR-12139_T000_20140813161900.fits,C:\Users\aarus\Desktop\solar-flare-warning-system\data\full_resolution_real\suit_AR-12139_T001_20140813231900.fits,C:\Users\aarus\Desktop\solar-flare-warning-system\data\full_resolution_real\suit_AR-12139_T002_20140814024900.fits,C:\Users\aarus\Desktop\solar-flare-warning-system\data\full_resolution_real\suit_AR-12139_T003_20140814040900.fits,2014-08-15T04:09:00+00:00,2014-08-16T04:09:00+00:00,0,0,-6.1301
SEQ_AR-12143_201408151150,AR-12143,2014-08-15T11:50:00+00:00,C:\Users\aarus\Desktop\solar-flare-warning-system\data\full_resolution_real\suit_AR-12143_T000_20140815000000.fits,C:\Users\aarus\Desktop\solar-flare-warning-system\data\full_resolution_real\suit_AR-12143_T001_20140815070000.fits,C:\Users\aarus\Desktop\solar-flare-warning-system\data\full_resolution_real\suit_AR-12143_T002_20140815103000.fits,C:\Users\aarus\Desktop\solar-flare-warning-system\data\full_resolution_real\suit_AR-12143_T003_20140815115000.fits,2014-08-16T11:50:00+00:00,2014-08-17T11:50:00+00:00,0,0,-8.0
SEQ_AR-12149_201408241046,AR-12149,2014-08-24T10:46:56+00:00,C:\Users\aarus\Desktop\solar-flare-warning-system\data\full_resolution_real\suit_AR-12149_T000_20140823225656.fits,C:\Users\aarus\Desktop\solar-flare-warning-system\data\full_resolution_real\suit_AR-12149_T001_20140824055656.fits,C:\Users\aarus\Desktop\solar-flare-warning-system\data\full_resolution_real\suit_AR-12149_T002_20140824092656.fits,C:\Users\aarus\Desktop\solar-flare-warning-system\data\full_resolution_real\suit_AR-12149_T003_20140824104656.fits,2014-08-25T10:46:56+00:00,2014-08-26T10:46:56+00:00,0,1,-5.888
SEQ_AR-12150_201408261108,AR-12150,2014-08-26T11:08:00+00:00,C:\Users\aarus\Desktop\solar-flare-warning-system\data\full_resolution_real\suit_AR-12150_T000_20140825231800.fits,C:\Users\aarus\Desktop\solar-flare-warning-system\data\full_resolution_real\suit_AR-12150_T001_20140826061800.fits,C:\Users\aarus\Desktop\solar-flare-warning-system\data\full_resolution_real\suit_AR-12150_T002_20140826094800.fits,C:\Users\aarus\Desktop\solar-flare-warning-system\data\full_resolution_real\suit_AR-12150_T003_20140826110800.fits,2014-08-27T11:08:00+00:00,2014-08-28T11:08:00+00:00,0,0,-8.0
SEQ_AR-12154_201409050602,AR-12154,2014-09-05T06:02:34+00:00,C:\Users\aarus\Desktop\solar-flare-warning-system\data\full_resolution_real\suit_AR-12154_T000_20140904181234.fits,C:\Users\aarus\Desktop\solar-flare-warning-system\data\full_resolution_real\suit_AR-12154_T001_20140905011234.fits,C:\Users\aarus\Desktop\solar-flare-warning-system\data\full_resolution_real\suit_AR-12154_T002_20140905044234.fits,C:\Users\aarus\Desktop\solar-flare-warning-system\data\full_resolution_real\suit_AR-12154_T003_20140905060234.fits,2014-09-06T06:02:34+00:00,2014-09-07T06:02:34+00:00,0,0,-8.0
SEQ_AR-12164_201409162129,AR-12164,2014-09-16T21:29:01+00:00,C:\Users\aarus\Desktop\solar-flare-warning-system\data\full_resolution_real\suit_AR-12164_T000_20140916093901.fits,C:\Users\aarus\Desktop\solar-flare-warning-system\data\full_resolution_real\suit_AR-12164_T001_20140916163901.fits,C:\Users\aarus\Desktop\solar-flare-warning-system\data\full_resolution_real\suit_AR-12164_T002_20140916200901.fits,C:\Users\aarus\Desktop\solar-flare-warning-system\data\full_resolution_real\suit_AR-12164_T003_20140916212901.fits,2014-09-17T21:29:01+00:00,2014-09-18T21:29:01+00:00,0,1,-5.3854
SEQ_AR-12167_201409170251,AR-12167,2014-09-17T02:51:34+00:00,C:\Users\aarus\Desktop\solar-flare-warning-system\data\full_resolution_real\suit_AR-12167_T000_20140916150134.fits,C:\Users\aarus\Desktop\solar-flare-warning-system\data\full_resolution_real\suit_AR-12167_T001_20140916220134.fits,C:\Users\aarus\Desktop\solar-flare-warning-system\data\full_resolution_real\suit_AR-12167_T002_20140917013134.fits,C:\Users\aarus\Desktop\solar-flare-warning-system\data\full_resolution_real\suit_AR-12167_T003_20140917025134.fits,2014-09-18T02:51:34+00:00,2014-09-19T02:51:34+00:00,0,0,-8.0
SEQ_AR-12169_201409252255,AR-12169,2014-09-25T22:55:59+00:00,C:\Users\aarus\Desktop\solar-flare-warning-system\data\full_resolution_real\suit_AR-12169_T000_20140925110559.fits,C:\Users\aarus\Desktop\solar-flare-warning-system\data\full_resolution_real\suit_AR-12169_T001_20140925180559.fits,C:\Users\aarus\Desktop\solar-flare-warning-system\data\full_resolution_real\suit_AR-12169_T002_20140925213559.fits,C:\Users\aarus\Desktop\solar-flare-warning-system\data\full_resolution_real\suit_AR-12169_T003_20140925225559.fits,2014-09-26T22:55:59+00:00,2014-09-27T22:55:59+00:00,0,0,-8.0
SEQ_AR-12173_201409280309,AR-12173,2014-09-28T03:09:00+00:00,C:\Users\aarus\Desktop\solar-flare-warning-system\data\full_resolution_real\suit_AR-12173_T000_20140927151900.fits,C:\Users\aarus\Desktop\solar-flare-warning-system\data\full_resolution_real\suit_AR-12173_T001_20140927221900.fits,C:\Users\aarus\Desktop\solar-flare-warning-system\data\full_resolution_real\suit_AR-12173_T002_20140928014900.fits,C:\Users\aarus\Desktop\solar-flare-warning-system\data\full_resolution_real\suit_AR-12173_T003_20140928030900.fits,2014-09-29T03:09:00+00:00,2014-09-30T03:09:00+00:00,1,2,-4.9294
SEQ_AR-12176_201410030931,AR-12176,2014-10-03T09:31:25+00:00,C:\Users\aarus\Desktop\solar-flare-warning-system\data\full_resolution_real\suit_AR-12176_T000_20141002214125.fits,C:\Users\aarus\Desktop\solar-flare-warning-system\data\full_resolution_real\suit_AR-12176_T001_20141003044125.fits,C:\Users\aarus\Desktop\solar-flare-warning-system\data\full_resolution_real\suit_AR-12176_T002_20141003081125.fits,C:\Users\aarus\Desktop\solar-flare-warning-system\data\full_resolution_real\suit_AR-12176_T003_20141003093125.fits,2014-10-04T09:31:25+00:00,2014-10-05T09:31:25+00:00,0,0,-8.0
SEQ_AR-12183_201410041150,AR-12183,2014-10-04T11:50:00+00:00,C:\Users\aarus\Desktop\solar-flare-warning-system\data\full_resolution_real\suit_AR-12183_T000_20141004000000.fits,C:\Users\aarus\Desktop\solar-flare-warning-system\data\full_resolution_real\suit_AR-12183_T001_20141004070000.fits,C:\Users\aarus\Desktop\solar-flare-warning-system\data\full_resolution_real\suit_AR-12183_T002_20141004103000.fits,C:\Users\aarus\Desktop\solar-flare-warning-system\data\full_resolution_real\suit_AR-12183_T003_20141004115000.fits,2014-10-05T11:50:00+00:00,2014-10-06T11:50:00+00:00,0,0,-8.0
SEQ_AR-12187_201410151435,AR-12187,2014-10-15T14:35:25+00:00,C:\Users\aarus\Desktop\solar-flare-warning-system\data\full_resolution_real\suit_AR-12187_T000_20141015024525.fits,C:\Users\aarus\Desktop\solar-flare-warning-system\data\full_resolution_real\suit_AR-12187_T001_20141015094525.fits,C:\Users\aarus\Desktop\solar-flare-warning-system\data\full_resolution_real\suit_AR-12187_T002_20141015131525.fits,C:\Users\aarus\Desktop\solar-flare-warning-system\data\full_resolution_real\suit_AR-12187_T003_20141015143525.fits,2014-10-16T14:35:25+00:00,2014-10-17T14:35:25+00:00,0,0,-8.0
SEQ_AR-12193_201410211103,AR-12193,2014-10-21T11:03:00+00:00,C:\Users\aarus\Desktop\solar-flare-warning-system\data\full_resolution_real\suit_AR-12193_T000_20141020231300.fits,C:\Users\aarus\Desktop\solar-flare-warning-system\data\full_resolution_real\suit_AR-12193_T001_20141021061300.fits,C:\Users\aarus\Desktop\solar-flare-warning-system\data\full_resolution_real\suit_AR-12193_T002_20141021094300.fits,C:\Users\aarus\Desktop\solar-flare-warning-system\data\full_resolution_real\suit_AR-12193_T003_20141021110300.fits,2014-10-22T11:03:00+00:00,2014-10-23T11:03:00+00:00,0,0,-8.0
SEQ_AR-12196_201410262354,AR-12196,2014-10-26T23:54:37+00:00,C:\Users\aarus\Desktop\solar-flare-warning-system\data\full_resolution_real\suit_AR-12196_T000_20141026120437.fits,C:\Users\aarus\Desktop\solar-flare-warning-system\data\full_resolution_real\suit_AR-12196_T001_20141026190437.fits,C:\Users\aarus\Desktop\solar-flare-warning-system\data\full_resolution_real\suit_AR-12196_T002_20141026223437.fits,C:\Users\aarus\Desktop\solar-flare-warning-system\data\full_resolution_real\suit_AR-12196_T003_20141026235437.fits,2014-10-27T23:54:37+00:00,2014-10-28T23:54:37+00:00,0,0,-8.0
SEQ_AR-12202_201411040347,AR-12202,2014-11-04T03:47:44+00:00,C:\Users\aarus\Desktop\solar-flare-warning-system\data\full_resolution_real\suit_AR-12202_T000_20141103155744.fits,C:\Users\aarus\Desktop\solar-flare-warning-system\data\full_resolution_real\suit_AR-12202_T001_20141103225744.fits,C:\Users\aarus\Desktop\solar-flare-warning-system\data\full_resolution_real\suit_AR-12202_T002_20141104022744.fits,C:\Users\aarus\Desktop\solar-flare-warning-system\data\full_resolution_real\suit_AR-12202_T003_20141104034744.fits,2014-11-05T03:47:44+00:00,2014-11-06T03:47:44+00:00,0,0,-8.0
SEQ_AR-12205_201411131458,AR-12205,2014-11-13T14:58:01+00:00,C:\Users\aarus\Desktop\solar-flare-warning-system\data\full_resolution_real\suit_AR-12205_T000_20141113030801.fits,C:\Users\aarus\Desktop\solar-flare-warning-system\data\full_resolution_real\suit_AR-12205_T001_20141113100801.fits,C:\Users\aarus\Desktop\solar-flare-warning-system\data\full_resolution_real\suit_AR-12205_T002_20141113133801.fits,C:\Users\aarus\Desktop\solar-flare-warning-system\data\full_resolution_real\suit_AR-12205_T003_20141113145801.fits,2014-11-14T14:58:01+00:00,2014-11-15T14:58:01+00:00,0,1,-5.4381
SEQ_AR-12207_201411121150,AR-12207,2014-11-12T11:50:00+00:00,C:\Users\aarus\Desktop\solar-flare-warning-system\data\full_resolution_real\suit_AR-12207_T000_20141112000000.fits,C:\Users\aarus\Desktop\solar-flare-warning-system\data\full_resolution_real\suit_AR-12207_T001_20141112070000.fits,C:\Users\aarus\Desktop\solar-flare-warning-system\data\full_resolution_real\suit_AR-12207_T002_20141112103000.fits,C:\Users\aarus\Desktop\solar-flare-warning-system\data\full_resolution_real\suit_AR-12207_T003_20141112115000.fits,2014-11-13T11:50:00+00:00,2014-11-14T11:50:00+00:00,0,0,-8.0
SEQ_AR-12209_201411191946,AR-12209,2014-11-19T19:46:01+00:00,C:\Users\aarus\Desktop\solar-flare-warning-system\data\full_resolution_real\suit_AR-12209_T000_20141119075601.fits,C:\Users\aarus\Desktop\solar-flare-warning-system\data\full_resolution_real\suit_AR-12209_T001_20141119145601.fits,C:\Users\aarus\Desktop\solar-flare-warning-system\data\full_resolution_real\suit_AR-12209_T002_20141119182601.fits,C:\Users\aarus\Desktop\solar-flare-warning-system\data\full_resolution_real\suit_AR-12209_T003_20141119194601.fits,2014-11-20T19:46:01+00:00,2014-11-21T19:46:01+00:00,0,1,-5.5315
SEQ_AR-12214_201411221107,AR-12214,2014-11-22T11:07:08+00:00,C:\Users\aarus\Desktop\solar-flare-warning-system\data\full_resolution_real\suit_AR-12214_T000_20141121231708.fits,C:\Users\aarus\Desktop\solar-flare-warning-system\data\full_resolution_real\suit_AR-12214_T001_20141122061708.fits,C:\Users\aarus\Desktop\solar-flare-warning-system\data\full_resolution_real\suit_AR-12214_T002_20141122094708.fits,C:\Users\aarus\Desktop\solar-flare-warning-system\data\full_resolution_real\suit_AR-12214_T003_20141122110708.fits,2014-11-23T11:07:08+00:00,2014-11-24T11:07:08+00:00,0,0,-8.0
SEQ_AR-12219_201412022349,AR-12219,2014-12-02T23:49:59+00:00,C:\Users\aarus\Desktop\solar-flare-warning-system\data\full_resolution_real\suit_AR-12219_T000_20141202115959.fits,C:\Users\aarus\Desktop\solar-flare-warning-system\data\full_resolution_real\suit_AR-12219_T001_20141202185959.fits,C:\Users\aarus\Desktop\solar-flare-warning-system\data\full_resolution_real\suit_AR-12219_T002_20141202222959.fits,C:\Users\aarus\Desktop\solar-flare-warning-system\data\full_resolution_real\suit_AR-12219_T003_20141202234959.fits,2014-12-03T23:49:59+00:00,2014-12-04T23:49:59+00:00,0,0,-8.0
SEQ_AR-12222_201411300631,AR-12222,2014-11-30T06:31:01+00:00,C:\Users\aarus\Desktop\solar-flare-warning-system\data\full_resolution_real\suit_AR-12222_T000_20141129184101.fits,C:\Users\aarus\Desktop\solar-flare-warning-system\data\full_resolution_real\suit_AR-12222_T001_20141130014101.fits,C:\Users\aarus\Desktop\solar-flare-warning-system\data\full_resolution_real\suit_AR-12222_T002_20141130051101.fits,C:\Users\aarus\Desktop\solar-flare-warning-system\data\full_resolution_real\suit_AR-12222_T003_20141130063101.fits,2014-12-01T06:31:01+00:00,2014-12-02T06:31:01+00:00,1,2,-4.6741
SEQ_AR-12222_201412020403,AR-12222,2014-12-02T04:03:40+00:00,C:\Users\aarus\Desktop\solar-flare-warning-system\data\full_resolution_real\suit_AR-12222_T001_20141130014101.fits,C:\Users\aarus\Desktop\solar-flare-warning-system\data\full_resolution_real\suit_AR-12222_T002_20141130051101.fits,C:\Users\aarus\Desktop\solar-flare-warning-system\data\full_resolution_real\suit_AR-12222_T003_20141130063101.fits,C:\Users\aarus\Desktop\solar-flare-warning-system\data\full_resolution_real\suit_AR-12222_T000_20141202040340.fits,2014-12-03T04:03:40+00:00,2014-12-04T04:03:40+00:00,0,1,-5.3496
SEQ_AR-12222_201412021103,AR-12222,2014-12-02T11:03:40+00:00,C:\Users\aarus\Desktop\solar-flare-warning-system\data\full_resolution_real\suit_AR-12222_T002_20141130051101.fits,C:\Users\aarus\Desktop\solar-flare-warning-system\data\full_resolution_real\suit_AR-12222_T003_20141130063101.fits,C:\Users\aarus\Desktop\solar-flare-warning-system\data\full_resolution_real\suit_AR-12222_T000_20141202040340.fits,C:\Users\aarus\Desktop\solar-flare-warning-system\data\full_resolution_real\suit_AR-12222_T001_20141202110340.fits,2014-12-03T11:03:40+00:00,2014-12-04T11:03:40+00:00,0,1,-5.3496
SEQ_AR-12222_201412021433,AR-12222,2014-12-02T14:33:40+00:00,C:\Users\aarus\Desktop\solar-flare-warning-system\data\full_resolution_real\suit_AR-12222_T003_20141130063101.fits,C:\Users\aarus\Desktop\solar-flare-warning-system\data\full_resolution_real\suit_AR-12222_T000_20141202040340.fits,C:\Users\aarus\Desktop\solar-flare-warning-system\data\full_resolution_real\suit_AR-12222_T001_20141202110340.fits,C:\Users\aarus\Desktop\solar-flare-warning-system\data\full_resolution_real\suit_AR-12222_T002_20141202143340.fits,2014-12-03T14:33:40+00:00,2014-12-04T14:33:40+00:00,0,1,-5.3496
SEQ_AR-12222_201412021553,AR-12222,2014-12-02T15:53:40+00:00,C:\Users\aarus\Desktop\solar-flare-warning-system\data\full_resolution_real\suit_AR-12222_T000_20141202040340.fits,C:\Users\aarus\Desktop\solar-flare-warning-system\data\full_resolution_real\suit_AR-12222_T001_20141202110340.fits,C:\Users\aarus\Desktop\solar-flare-warning-system\data\full_resolution_real\suit_AR-12222_T002_20141202143340.fits,C:\Users\aarus\Desktop\solar-flare-warning-system\data\full_resolution_real\suit_AR-12222_T003_20141202155340.fits,2014-12-03T15:53:40+00:00,2014-12-04T15:53:40+00:00,0,1,-5.3496
SEQ_AR-12225_201412031150,AR-12225,2014-12-03T11:50:00+00:00,C:\Users\aarus\Desktop\solar-flare-warning-system\data\full_resolution_real\suit_AR-12225_T000_20141203000000.fits,C:\Users\aarus\Desktop\solar-flare-warning-system\data\full_resolution_real\suit_AR-12225_T001_20141203070000.fits,C:\Users\aarus\Desktop\solar-flare-warning-system\data\full_resolution_real\suit_AR-12225_T002_20141203103000.fits,C:\Users\aarus\Desktop\solar-flare-warning-system\data\full_resolution_real\suit_AR-12225_T003_20141203115000.fits,2014-12-04T11:50:00+00:00,2014-12-05T11:50:00+00:00,0,0,-8.0
SEQ_AR-12230_201412071746,AR-12230,2014-12-07T17:46:01+00:00,C:\Users\aarus\Desktop\solar-flare-warning-system\data\full_resolution_real\suit_AR-12230_T000_20141207055601.fits,C:\Users\aarus\Desktop\solar-flare-warning-system\data\full_resolution_real\suit_AR-12230_T001_20141207125601.fits,C:\Users\aarus\Desktop\solar-flare-warning-system\data\full_resolution_real\suit_AR-12230_T002_20141207162601.fits,C:\Users\aarus\Desktop\solar-flare-warning-system\data\full_resolution_real\suit_AR-12230_T003_20141207174601.fits,2014-12-08T17:46:01+00:00,2014-12-09T17:46:01+00:00,0,1,-5.8155
SEQ_AR-12230_201412082030,AR-12230,2014-12-08T20:30:00+00:00,C:\Users\aarus\Desktop\solar-flare-warning-system\data\full_resolution_real\suit_AR-12230_T001_20141207125601.fits,C:\Users\aarus\Desktop\solar-flare-warning-system\data\full_resolution_real\suit_AR-12230_T002_20141207162601.fits,C:\Users\aarus\Desktop\solar-flare-warning-system\data\full_resolution_real\suit_AR-12230_T003_20141207174601.fits,C:\Users\aarus\Desktop\solar-flare-warning-system\data\full_resolution_real\suit_AR-12230_T000_20141208203000.fits,2014-12-09T20:30:00+00:00,2014-12-10T20:30:00+00:00,0,1,-5.0209
SEQ_AR-12230_201412090330,AR-12230,2014-12-09T03:30:00+00:00,C:\Users\aarus\Desktop\solar-flare-warning-system\data\full_resolution_real\suit_AR-12230_T002_20141207162601.fits,C:\Users\aarus\Desktop\solar-flare-warning-system\data\full_resolution_real\suit_AR-12230_T003_20141207174601.fits,C:\Users\aarus\Desktop\solar-flare-warning-system\data\full_resolution_real\suit_AR-12230_T000_20141208203000.fits,C:\Users\aarus\Desktop\solar-flare-warning-system\data\full_resolution_real\suit_AR-12230_T001_20141209033000.fits,2014-12-10T03:30:00+00:00,2014-12-11T03:30:00+00:00,0,1,-5.0209
SEQ_AR-12230_201412090700,AR-12230,2014-12-09T07:00:00+00:00,C:\Users\aarus\Desktop\solar-flare-warning-system\data\full_resolution_real\suit_AR-12230_T003_20141207174601.fits,C:\Users\aarus\Desktop\solar-flare-warning-system\data\full_resolution_real\suit_AR-12230_T000_20141208203000.fits,C:\Users\aarus\Desktop\solar-flare-warning-system\data\full_resolution_real\suit_AR-12230_T001_20141209033000.fits,C:\Users\aarus\Desktop\solar-flare-warning-system\data\full_resolution_real\suit_AR-12230_T002_20141209070000.fits,2014-12-10T07:00:00+00:00,2014-12-11T07:00:00+00:00,0,1,-5.0209
SEQ_AR-12230_201412090820,AR-12230,2014-12-09T08:20:00+00:00,C:\Users\aarus\Desktop\solar-flare-warning-system\data\full_resolution_real\suit_AR-12230_T000_20141208203000.fits,C:\Users\aarus\Desktop\solar-flare-warning-system\data\full_resolution_real\suit_AR-12230_T001_20141209033000.fits,C:\Users\aarus\Desktop\solar-flare-warning-system\data\full_resolution_real\suit_AR-12230_T002_20141209070000.fits,C:\Users\aarus\Desktop\solar-flare-warning-system\data\full_resolution_real\suit_AR-12230_T003_20141209082000.fits,2014-12-10T08:20:00+00:00,2014-12-11T08:20:00+00:00,0,1,-5.0209
SEQ_AR-12231_201412090331,AR-12231,2014-12-09T03:31:00+00:00,C:\Users\aarus\Desktop\solar-flare-warning-system\data\full_resolution_real\suit_AR-12231_T000_20141208154100.fits,C:\Users\aarus\Desktop\solar-flare-warning-system\data\full_resolution_real\suit_AR-12231_T001_20141208224100.fits,C:\Users\aarus\Desktop\solar-flare-warning-system\data\full_resolution_real\suit_AR-12231_T002_20141209021100.fits,C:\Users\aarus\Desktop\solar-flare-warning-system\data\full_resolution_real\suit_AR-12231_T003_20141209033100.fits,2014-12-10T03:31:00+00:00,2014-12-11T03:31:00+00:00,0,0,-8.0
SEQ_AR-12236_201412141539,AR-12236,2014-12-14T15:39:18+00:00,C:\Users\aarus\Desktop\solar-flare-warning-system\data\full_resolution_real\suit_AR-12236_T000_20141214034918.fits,C:\Users\aarus\Desktop\solar-flare-warning-system\data\full_resolution_real\suit_AR-12236_T001_20141214104918.fits,C:\Users\aarus\Desktop\solar-flare-warning-system\data\full_resolution_real\suit_AR-12236_T002_20141214141918.fits,C:\Users\aarus\Desktop\solar-flare-warning-system\data\full_resolution_real\suit_AR-12236_T003_20141214153918.fits,2014-12-15T15:39:18+00:00,2014-12-16T15:39:18+00:00,0,0,-8.0
SEQ_AR-12241_201412250227,AR-12241,2014-12-25T02:27:00+00:00,C:\Users\aarus\Desktop\solar-flare-warning-system\data\full_resolution_real\suit_AR-12241_T000_20141224143700.fits,C:\Users\aarus\Desktop\solar-flare-warning-system\data\full_resolution_real\suit_AR-12241_T001_20141224213700.fits,C:\Users\aarus\Desktop\solar-flare-warning-system\data\full_resolution_real\suit_AR-12241_T002_20141225010700.fits,C:\Users\aarus\Desktop\solar-flare-warning-system\data\full_resolution_real\suit_AR-12241_T003_20141225022700.fits,2014-12-26T02:27:00+00:00,2014-12-27T02:27:00+00:00,0,0,-8.0
SEQ_AR-12247_201412250554,AR-12247,2014-12-25T05:54:22+00:00,C:\Users\aarus\Desktop\solar-flare-warning-system\data\full_resolution_real\suit_AR-12247_T000_20141224180422.fits,C:\Users\aarus\Desktop\solar-flare-warning-system\data\full_resolution_real\suit_AR-12247_T001_20141225010422.fits,C:\Users\aarus\Desktop\solar-flare-warning-system\data\full_resolution_real\suit_AR-12247_T002_20141225043422.fits,C:\Users\aarus\Desktop\solar-flare-warning-system\data\full_resolution_real\suit_AR-12247_T003_20141225055422.fits,2014-12-26T05:54:22+00:00,2014-12-27T05:54:22+00:00,0,0,-8.0
SEQ_AR-12248_201412261455,AR-12248,2014-12-26T14:55:01+00:00,C:\Users\aarus\Desktop\solar-flare-warning-system\data\full_resolution_real\suit_AR-12248_T000_20141226030501.fits,C:\Users\aarus\Desktop\solar-flare-warning-system\data\full_resolution_real\suit_AR-12248_T001_20141226100501.fits,C:\Users\aarus\Desktop\solar-flare-warning-system\data\full_resolution_real\suit_AR-12248_T002_20141226133501.fits,C:\Users\aarus\Desktop\solar-flare-warning-system\data\full_resolution_real\suit_AR-12248_T003_20141226145501.fits,2014-12-27T14:55:01+00:00,2014-12-28T14:55:01+00:00,0,1,-5.8155
SEQ_AR-12253_201412311150,AR-12253,2014-12-31T11:50:00+00:00,C:\Users\aarus\Desktop\solar-flare-warning-system\data\full_resolution_real\suit_AR-12253_T000_20141231000000.fits,C:\Users\aarus\Desktop\solar-flare-warning-system\data\full_resolution_real\suit_AR-12253_T001_20141231070000.fits,C:\Users\aarus\Desktop\solar-flare-warning-system\data\full_resolution_real\suit_AR-12253_T002_20141231103000.fits,C:\Users\aarus\Desktop\solar-flare-warning-system\data\full_resolution_real\suit_AR-12253_T003_20141231115000.fits,2015-01-01T11:50:00+00:00,2015-01-02T11:50:00+00:00,0,1,-5.6072
SEQ_AR-12254_201501011150,AR-12254,2015-01-01T11:50:00+00:00,C:\Users\aarus\Desktop\solar-flare-warning-system\data\full_resolution_real\suit_AR-12254_T000_20150101000000.fits,C:\Users\aarus\Desktop\solar-flare-warning-system\data\full_resolution_real\suit_AR-12254_T001_20150101070000.fits,C:\Users\aarus\Desktop\solar-flare-warning-system\data\full_resolution_real\suit_AR-12254_T002_20150101103000.fits,C:\Users\aarus\Desktop\solar-flare-warning-system\data\full_resolution_real\suit_AR-12254_T003_20150101115000.fits,2015-01-02T11:50:00+00:00,2015-01-03T11:50:00+00:00,0,0,-8.0
SEQ_AR-12257_201501131248,AR-12257,2015-01-13T12:48:01+00:00,C:\Users\aarus\Desktop\solar-flare-warning-system\data\full_resolution_real\suit_AR-12257_T000_20150113005801.fits,C:\Users\aarus\Desktop\solar-flare-warning-system\data\full_resolution_real\suit_AR-12257_T001_20150113075801.fits,C:\Users\aarus\Desktop\solar-flare-warning-system\data\full_resolution_real\suit_AR-12257_T002_20150113112801.fits,C:\Users\aarus\Desktop\solar-flare-warning-system\data\full_resolution_real\suit_AR-12257_T003_20150113124801.fits,2015-01-14T12:48:01+00:00,2015-01-15T12:48:01+00:00,1,2,-4.587
SEQ_AR-12259_201501131816,AR-12259,2015-01-13T18:16:01+00:00,C:\Users\aarus\Desktop\solar-flare-warning-system\data\full_resolution_real\suit_AR-12259_T000_20150113062601.fits,C:\Users\aarus\Desktop\solar-flare-warning-system\data\full_resolution_real\suit_AR-12259_T001_20150113132601.fits,C:\Users\aarus\Desktop\solar-flare-warning-system\data\full_resolution_real\suit_AR-12259_T002_20150113165601.fits,C:\Users\aarus\Desktop\solar-flare-warning-system\data\full_resolution_real\suit_AR-12259_T003_20150113181601.fits,2015-01-14T18:16:01+00:00,2015-01-15T18:16:01+00:00,0,1,-5.5677
SEQ_AR-12261_201501131511,AR-12261,2015-01-13T15:11:00+00:00,C:\Users\aarus\Desktop\solar-flare-warning-system\data\full_resolution_real\suit_AR-12261_T000_20150113032100.fits,C:\Users\aarus\Desktop\solar-flare-warning-system\data\full_resolution_real\suit_AR-12261_T001_20150113102100.fits,C:\Users\aarus\Desktop\solar-flare-warning-system\data\full_resolution_real\suit_AR-12261_T002_20150113135100.fits,C:\Users\aarus\Desktop\solar-flare-warning-system\data\full_resolution_real\suit_AR-12261_T003_20150113151100.fits,2015-01-14T15:11:00+00:00,2015-01-15T15:11:00+00:00,0,0,-8.0
SEQ_AR-12265_201501200440,AR-12265,2015-01-20T04:40:26+00:00,C:\Users\aarus\Desktop\solar-flare-warning-system\data\full_resolution_real\suit_AR-12265_T000_20150119165026.fits,C:\Users\aarus\Desktop\solar-flare-warning-system\data\full_resolution_real\suit_AR-12265_T001_20150119235026.fits,C:\Users\aarus\Desktop\solar-flare-warning-system\data\full_resolution_real\suit_AR-12265_T002_20150120032026.fits,C:\Users\aarus\Desktop\solar-flare-warning-system\data\full_resolution_real\suit_AR-12265_T003_20150120044026.fits,2015-01-21T04:40:26+00:00,2015-01-22T04:40:26+00:00,0,0,-8.0
SEQ_AR-12267_201501231815,AR-12267,2015-01-23T18:15:01+00:00,C:\Users\aarus\Desktop\solar-flare-warning-system\data\full_resolution_real\suit_AR-12267_T000_20150123062501.fits,C:\Users\aarus\Desktop\solar-flare-warning-system\data\full_resolution_real\suit_AR-12267_T001_20150123132501.fits,C:\Users\aarus\Desktop\solar-flare-warning-system\data\full_resolution_real\suit_AR-12267_T002_20150123165501.fits,C:\Users\aarus\Desktop\solar-flare-warning-system\data\full_resolution_real\suit_AR-12267_T003_20150123181501.fits,2015-01-24T18:15:01+00:00,2015-01-25T18:15:01+00:00,0,0,-6.0843
SEQ_AR-12272_201502012119,AR-12272,2015-02-01T21:19:17+00:00,C:\Users\aarus\Desktop\solar-flare-warning-system\data\full_resolution_real\suit_AR-12272_T000_20150201092917.fits,C:\Users\aarus\Desktop\solar-flare-warning-system\data\full_resolution_real\suit_AR-12272_T001_20150201162917.fits,C:\Users\aarus\Desktop\solar-flare-warning-system\data\full_resolution_real\suit_AR-12272_T002_20150201195917.fits,C:\Users\aarus\Desktop\solar-flare-warning-system\data\full_resolution_real\suit_AR-12272_T003_20150201211917.fits,2015-02-02T21:19:17+00:00,2015-02-03T21:19:17+00:00,0,0,-8.0
SEQ_AR-12277_201502011921,AR-12277,2015-02-01T19:21:22+00:00,C:\Users\aarus\Desktop\solar-flare-warning-system\data\full_resolution_real\suit_AR-12277_T000_20150201073122.fits,C:\Users\aarus\Desktop\solar-flare-warning-system\data\full_resolution_real\suit_AR-12277_T001_20150201143122.fits,C:\Users\aarus\Desktop\solar-flare-warning-system\data\full_resolution_real\suit_AR-12277_T002_20150201180122.fits,C:\Users\aarus\Desktop\solar-flare-warning-system\data\full_resolution_real\suit_AR-12277_T003_20150201192122.fits,2015-02-02T19:21:22+00:00,2015-02-03T19:21:22+00:00,0,1,-5.9294
SEQ_AR-12290_201502230944,AR-12290,2015-02-23T09:44:00+00:00,C:\Users\aarus\Desktop\solar-flare-warning-system\data\full_resolution_real\suit_AR-12290_T000_20150222215400.fits,C:\Users\aarus\Desktop\solar-flare-warning-system\data\full_resolution_real\suit_AR-12290_T001_20150223045400.fits,C:\Users\aarus\Desktop\solar-flare-warning-system\data\full_resolution_real\suit_AR-12290_T002_20150223082400.fits,C:\Users\aarus\Desktop\solar-flare-warning-system\data\full_resolution_real\suit_AR-12290_T003_20150223094400.fits,2015-02-24T09:44:00+00:00,2015-02-25T09:44:00+00:00,0,0,-8.0
SEQ_AR-12290_201502271713,AR-12290,2015-02-27T17:13:01+00:00,C:\Users\aarus\Desktop\solar-flare-warning-system\data\full_resolution_real\suit_AR-12290_T001_20150223045400.fits,C:\Users\aarus\Desktop\solar-flare-warning-system\data\full_resolution_real\suit_AR-12290_T002_20150223082400.fits,C:\Users\aarus\Desktop\solar-flare-warning-system\data\full_resolution_real\suit_AR-12290_T003_20150223094400.fits,C:\Users\aarus\Desktop\solar-flare-warning-system\data\full_resolution_real\suit_AR-12290_T000_20150227171301.fits,2015-02-28T17:13:01+00:00,2015-03-01T17:13:01+00:00,0,1,-5.3612
SEQ_AR-12290_201502280013,AR-12290,2015-02-28T00:13:01+00:00,C:\Users\aarus\Desktop\solar-flare-warning-system\data\full_resolution_real\suit_AR-12290_T002_20150223082400.fits,C:\Users\aarus\Desktop\solar-flare-warning-system\data\full_resolution_real\suit_AR-12290_T003_20150223094400.fits,C:\Users\aarus\Desktop\solar-flare-warning-system\data\full_resolution_real\suit_AR-12290_T000_20150227171301.fits,C:\Users\aarus\Desktop\solar-flare-warning-system\data\full_resolution_real\suit_AR-12290_T001_20150228001301.fits,2015-03-01T00:13:01+00:00,2015-03-02T00:13:01+00:00,0,1,-5.3612
SEQ_AR-12290_201502280343,AR-12290,2015-02-28T03:43:01+00:00,C:\Users\aarus\Desktop\solar-flare-warning-system\data\full_resolution_real\suit_AR-12290_T003_20150223094400.fits,C:\Users\aarus\Desktop\solar-flare-warning-system\data\full_resolution_real\suit_AR-12290_T000_20150227171301.fits,C:\Users\aarus\Desktop\solar-flare-warning-system\data\full_resolution_real\suit_AR-12290_T001_20150228001301.fits,C:\Users\aarus\Desktop\solar-flare-warning-system\data\full_resolution_real\suit_AR-12290_T002_20150228034301.fits,2015-03-01T03:43:01+00:00,2015-03-02T03:43:01+00:00,0,1,-5.3612
SEQ_AR-12290_201502280503,AR-12290,2015-02-28T05:03:01+00:00,C:\Users\aarus\Desktop\solar-flare-warning-system\data\full_resolution_real\suit_AR-12290_T000_20150227171301.fits,C:\Users\aarus\Desktop\solar-flare-warning-system\data\full_resolution_real\suit_AR-12290_T001_20150228001301.fits,C:\Users\aarus\Desktop\solar-flare-warning-system\data\full_resolution_real\suit_AR-12290_T002_20150228034301.fits,C:\Users\aarus\Desktop\solar-flare-warning-system\data\full_resolution_real\suit_AR-12290_T003_20150228050301.fits,2015-03-01T05:03:01+00:00,2015-03-02T05:03:01+00:00,0,1,-5.3612
SEQ_AR-12292_201503031029,AR-12292,2015-03-03T10:29:01+00:00,C:\Users\aarus\Desktop\solar-flare-warning-system\data\full_resolution_real\suit_AR-12292_T000_20150302223901.fits,C:\Users\aarus\Desktop\solar-flare-warning-system\data\full_resolution_real\suit_AR-12292_T001_20150303053901.fits,C:\Users\aarus\Desktop\solar-flare-warning-system\data\full_resolution_real\suit_AR-12292_T002_20150303090901.fits,C:\Users\aarus\Desktop\solar-flare-warning-system\data\full_resolution_real\suit_AR-12292_T003_20150303102901.fits,2015-03-04T10:29:01+00:00,2015-03-05T10:29:01+00:00,0,1,-5.4823
SEQ_AR-12297_201503072247,AR-12297,2015-03-07T22:47:59+00:00,C:\Users\aarus\Desktop\solar-flare-warning-system\data\full_resolution_real\suit_AR-12297_T000_20150307105759.fits,C:\Users\aarus\Desktop\solar-flare-warning-system\data\full_resolution_real\suit_AR-12297_T001_20150307175759.fits,C:\Users\aarus\Desktop\solar-flare-warning-system\data\full_resolution_real\suit_AR-12297_T002_20150307212759.fits,C:\Users\aarus\Desktop\solar-flare-warning-system\data\full_resolution_real\suit_AR-12297_T003_20150307224759.fits,2015-03-08T22:47:59+00:00,2015-03-09T22:47:59+00:00,0,1,-5.888
SEQ_AR-12297_201503131651,AR-12297,2015-03-13T16:51:25+00:00,C:\Users\aarus\Desktop\solar-flare-warning-system\data\full_resolution_real\suit_AR-12297_T001_20150307175759.fits,C:\Users\aarus\Desktop\solar-flare-warning-system\data\full_resolution_real\suit_AR-12297_T002_20150307212759.fits,C:\Users\aarus\Desktop\solar-flare-warning-system\data\full_resolution_real\suit_AR-12297_T003_20150307224759.fits,C:\Users\aarus\Desktop\solar-flare-warning-system\data\full_resolution_real\suit_AR-12297_T000_20150313165125.fits,2015-03-14T16:51:25+00:00,2015-03-15T16:51:25+00:00,1,2,-4.9704
SEQ_AR-12297_201503132351,AR-12297,2015-03-13T23:51:25+00:00,C:\Users\aarus\Desktop\solar-flare-warning-system\data\full_resolution_real\suit_AR-12297_T002_20150307212759.fits,C:\Users\aarus\Desktop\solar-flare-warning-system\data\full_resolution_real\suit_AR-12297_T003_20150307224759.fits,C:\Users\aarus\Desktop\solar-flare-warning-system\data\full_resolution_real\suit_AR-12297_T000_20150313165125.fits,C:\Users\aarus\Desktop\solar-flare-warning-system\data\full_resolution_real\suit_AR-12297_T001_20150313235125.fits,2015-03-14T23:51:25+00:00,2015-03-15T23:51:25+00:00,1,2,-4.9704
SEQ_AR-12297_201503140321,AR-12297,2015-03-14T03:21:25+00:00,C:\Users\aarus\Desktop\solar-flare-warning-system\data\full_resolution_real\suit_AR-12297_T003_20150307224759.fits,C:\Users\aarus\Desktop\solar-flare-warning-system\data\full_resolution_real\suit_AR-12297_T000_20150313165125.fits,C:\Users\aarus\Desktop\solar-flare-warning-system\data\full_resolution_real\suit_AR-12297_T001_20150313235125.fits,C:\Users\aarus\Desktop\solar-flare-warning-system\data\full_resolution_real\suit_AR-12297_T002_20150314032125.fits,2015-03-15T03:21:25+00:00,2015-03-16T03:21:25+00:00,1,2,-4.9704
SEQ_AR-12297_201503140441,AR-12297,2015-03-14T04:41:25+00:00,C:\Users\aarus\Desktop\solar-flare-warning-system\data\full_resolution_real\suit_AR-12297_T000_20150313165125.fits,C:\Users\aarus\Desktop\solar-flare-warning-system\data\full_resolution_real\suit_AR-12297_T001_20150313235125.fits,C:\Users\aarus\Desktop\solar-flare-warning-system\data\full_resolution_real\suit_AR-12297_T002_20150314032125.fits,C:\Users\aarus\Desktop\solar-flare-warning-system\data\full_resolution_real\suit_AR-12297_T003_20150314044125.fits,2015-03-15T04:41:25+00:00,2015-03-16T04:41:25+00:00,1,2,-4.9704
